Workbook

Sheet Template
A1: English | B1: User Selected Language
A2: REQUIRED | B2: Field is required for import
A3: OPTIONAL | B3: Field is optional for import
A4: VALIDATED | B4: Field must match master data available in application
A5: IGNORED | B5: Field not to be populated
A6: DS/CS | B6: Discipline/Commodity specific fields
A7: Note: 1. If the Project configuration allows associating Claiming scheme to WBS, then specifying Discipline/Commodity is not mandatory in presence of WBS. Discipline or Commodity will be identified based on Type 2. Columns with data type Text should be formatted as Text to see trailing zeros after decimal. | H7: Work Order # | I7: Rev | K7: Paste from MIT | L7: Paste from MIT | M7: Paste from MIT | O7: MIT # | R7: Automate? | S7: Automate? | U7: Automate?
A8: Component Id | B8: Name | C8: WBS | D8: Type | E8: Discipline/Commodity | F8: Claiming Scheme | G8: Construction commodity | H8: Project Doc # | I8: Project Doc Rev # | J8: Work package ID | K8: Quantity | L8: UoM | M8: AUX 7 | N8: Description | O8: Engineering Doc # | P8: Comments | Q8: AUX 6 | R8: Segment | S8: Area | T8: System | U8: Turnover packages
A9: Numeric | B9: Text | C9: Text | D9: Text | E9: Text | F9: Text | G9: Text | H9: Text | I9: Text | J9: Text | K9: Numeric | L9: Text | M9: Text | N9: Text | O9: Text | P9: Text | Q9: Text | R9: Text | S9: Text | T9: Text | U9: Text
B10: 200 | C10: 50 | D10: 10 | E10: 100 | H10: 0 | I10: 0 | J10: 30 | K10: 16 | L10: 255 | M10: 0 | N10: 250 | O10: 0 | P10: 200 | Q10: 0 | R10: 0 | S10: 0 | T10: 0 | U10: 0
A11: =_xlfn.XLOOKUP(B11,'Component ID-Name'!B:B,'Component ID-Name'!A:A,"") | B11: =M11&"-"&O11 -> 4634903-7383695 | C11: =_xlfn.XLOOKUP(L11,Mapping!$D$1:$D$11,Mapping!$A$1:$A$11) -> 1116 | D11: =_xlfn.XLOOKUP($L11,Mapping!$D$1:$D$11,Mapping!$B$1:$B$11) -> Activity | E11: =_xlfn.XLOOKUP($L11,Mapping!$D$1:$D$11,Mapping!$C$1:$C$11) -> Electrical | F11: Material Claiming | G11: =_xlfn.XLOOKUP(M11,Mapping!$S$1:$S$177,Mapping!$U$1:$U$177,"AUX") -> AUX | H11: 7383695 | I11: PACP-FDC-000687 | J11: =_xlfn.XLOOKUP(H11,Mapping!$F$1:$F$350,Mapping!$G$1:$G$350) -> 114239 | K11: 1 | L11: EA | M11: 4634903 | N11: =_xlfn.XLOOKUP(M11,Mapping!P:P,Mapping!Q:Q) -> CONN,C-TAP,CU,#6SOL-#4STR,#6SOL/STR,COMP | O11: 7383695 | P11: FDC Added | Q11: =_xlfn.XLOOKUP(M11,Mapping!$K$1:$K$223,Mapping!$M$1:$M$223,"SLM") -> SLM | T11: REM
A12: =_xlfn.XLOOKUP(B12,'Component ID-Name'!B:B,'Component ID-Name'!A:A,"") -> 10525986 | B12: =M12&"-"&O12 -> 6117709-7383695 | C12: =_xlfn.XLOOKUP(L12,Mapping!$D$1:$D$11,Mapping!$A$1:$A$11) -> 1116 | D12: =_xlfn.XLOOKUP($L12,Mapping!$D$1:$D$11,Mapping!$B$1:$B$11) -> Activity | E12: =_xlfn.XLOOKUP($L12,Mapping!$D$1:$D$11,Mapping!$C$1:$C$11) -> Electrical | F12: Material Claiming | G12: =_xlfn.XLOOKUP(M12,Mapping!$S$1:$S$177,Mapping!$U$1:$U$177,"AUX") -> AUX | H12: 7383695 | I12: PACP-FDC-000687 | J12: =_xlfn.XLOOKUP(H12,Mapping!$F$1:$F$350,Mapping!$G$1:$G$350) -> 114239 | K12: 1 | L12: EA | M12: 6117709 | N12: =_xlfn.XLOOKUP(M12,Mapping!P:P,Mapping!Q:Q) -> CONN,GRD,BRZ,XFMR,#8 SOL-#2 STR^ | O12: 7383695 | P12: FDC Added | Q12: =_xlfn.XLOOKUP(M12,Mapping!$K$1:$K$223,Mapping!$M$1:$M$223,"SLM") -> SLM | T12: REM
A13: =_xlfn.XLOOKUP(B13,'Component ID-Name'!B:B,'Component ID-Name'!A:A,"") -> 10525987 | B13: =M13&"-"&O13 -> 4626107-7383695 | C13: =_xlfn.XLOOKUP(L13,Mapping!$D$1:$D$11,Mapping!$A$1:$A$11) -> 1116 | D13: =_xlfn.XLOOKUP($L13,Mapping!$D$1:$D$11,Mapping!$B$1:$B$11) -> Activity | E13: =_xlfn.XLOOKUP($L13,Mapping!$D$1:$D$11,Mapping!$C$1:$C$11) -> Electrical | F13: Material Claiming | G13: =_xlfn.XLOOKUP(M13,Mapping!$S$1:$S$177,Mapping!$U$1:$U$177,"AUX") -> AUX | H13: 7383695 | I13: PACP-FDC-000687 | J13: =_xlfn.XLOOKUP(H13,Mapping!$F$1:$F$350,Mapping!$G$1:$G$350) -> 114239 | K13: 2 | L13: EA | M13: 4626107 | N13: =_xlfn.XLOOKUP(M13,Mapping!P:P,Mapping!Q:Q) -> CONN,H-TAP (#2),0.268-0.398,0.162-0.3 | O13: 7383695 | P13: FDC Added | Q13: =_xlfn.XLOOKUP(M13,Mapping!$K$1:$K$223,Mapping!$M$1:$M$223,"SLM") -> SLM | T13: REM
A14: =_xlfn.XLOOKUP(B14,'Component ID-Name'!B:B,'Component ID-Name'!A:A,"") -> 10525992 | B14: =M14&"-"&O14 -> 6279707-7383695 | C14: =_xlfn.XLOOKUP(L14,Mapping!$D$1:$D$11,Mapping!$A$1:$A$11) -> 1116 | D14: =_xlfn.XLOOKUP($L14,Mapping!$D$1:$D$11,Mapping!$B$1:$B$11) -> Activity | E14: =_xlfn.XLOOKUP($L14,Mapping!$D$1:$D$11,Mapping!$C$1:$C$11) -> Electrical | F14: Material Claiming | G14: =_xlfn.XLOOKUP(M14,Mapping!$S$1:$S$177,Mapping!$U$1:$U$177,"AUX") -> AUX | H14: 7383695 | I14: PACP-FDC-000687 | J14: =_xlfn.XLOOKUP(H14,Mapping!$F$1:$F$350,Mapping!$G$1:$G$350) -> 114239 | K14: 4 | L14: EA | M14: 6279707 | N14: =_xlfn.XLOOKUP(M14,Mapping!P:P,Mapping!Q:Q) -> WASHER,SPRING,5/8",DOUBLE HELIX | O14: 7383695 | P14: FDC Added | Q14: =_xlfn.XLOOKUP(M14,Mapping!$K$1:$K$223,Mapping!$M$1:$M$223,"SLM") -> SLM | T14: REM
A15: =_xlfn.XLOOKUP(B15,'Component ID-Name'!B:B,'Component ID-Name'!A:A,"") -> 10526002 | B15: =M15&"-"&O15 -> 8005123-7383695 | C15: =_xlfn.XLOOKUP(L15,Mapping!$D$1:$D$11,Mapping!$A$1:$A$11) -> 1116 | D15: =_xlfn.XLOOKUP($L15,Mapping!$D$1:$D$11,Mapping!$B$1:$B$11) -> Activity | E15: =_xlfn.XLOOKUP($L15,Mapping!$D$1:$D$11,Mapping!$C$1:$C$11) -> Electrical | F15: Material Claiming | G15: =_xlfn.XLOOKUP(M15,Mapping!$S$1:$S$177,Mapping!$U$1:$U$177,"AUX") -> AUX | H15: 7383695 | I15: PACP-FDC-000687 | J15: =_xlfn.XLOOKUP(H15,Mapping!$F$1:$F$350,Mapping!$G$1:$G$350) -> 114239 | K15: 1 | L15: EA | M15: 8005123 | N15: =_xlfn.XLOOKUP(M15,Mapping!P:P,Mapping!Q:Q) -> ARRESTER,SRG,NONEXPULSION,10KV,MOV | O15: 7383695 | P15: FDC Added | Q15: =_xlfn.XLOOKUP(M15,Mapping!$K$1:$K$223,Mapping!$M$1:$M$223,"SLM") -> SLM | T15: REM
A16: =_xlfn.XLOOKUP(B16,'Component ID-Name'!B:B,'Component ID-Name'!A:A,"") -> 10526014 | B16: =M16&"-"&O16 -> 6211106-7383695 | C16: =_xlfn.XLOOKUP(L16,Mapping!$D$1:$D$11,Mapping!$A$1:$A$11) -> 1116 | D16: =_xlfn.XLOOKUP($L16,Mapping!$D$1:$D$11,Mapping!$B$1:$B$11) -> Activity | E16: =_xlfn.XLOOKUP($L16,Mapping!$D$1:$D$11,Mapping!$C$1:$C$11) -> Electrical | F16: Material Claiming | G16: =_xlfn.XLOOKUP(M16,Mapping!$S$1:$S$177,Mapping!$U$1:$U$177,"AUX") -> AUX | H16: 7383695 | I16: PACP-FDC-000687 | J16: =_xlfn.XLOOKUP(H16,Mapping!$F$1:$F$350,Mapping!$G$1:$G$350) -> 114239 | K16: 4 | L16: EA | M16: 6211106 | N16: =_xlfn.XLOOKUP(M16,Mapping!P:P,Mapping!Q:Q) -> BOLT,MACH,5/8" X 12",XARM,GALV | O16: 7383695 | P16: FDC Added | Q16: =_xlfn.XLOOKUP(M16,Mapping!$K$1:$K$223,Mapping!$M$1:$M$223,"SLM") -> SLM | T16: REM
A17: =_xlfn.XLOOKUP(B17,'Component ID-Name'!B:B,'Component ID-Name'!A:A,"") -> 10526018 | B17: =M17&"-"&O17 -> 7991222-7383695 | C17: =_xlfn.XLOOKUP(L17,Mapping!$D$1:$D$11,Mapping!$A$1:$A$11) -> 1116 | D17: =_xlfn.XLOOKUP($L17,Mapping!$D$1:$D$11,Mapping!$B$1:$B$11) -> Activity | E17: =_xlfn.XLOOKUP($L17,Mapping!$D$1:$D$11,Mapping!$C$1:$C$11) -> Electrical | F17: Material Claiming | G17: =_xlfn.XLOOKUP(M17,Mapping!$S$1:$S$177,Mapping!$U$1:$U$177,"AUX") -> AUX | H17: 7383695 | I17: PACP-FDC-000687 | J17: =_xlfn.XLOOKUP(H17,Mapping!$F$1:$F$350,Mapping!$G$1:$G$350) -> 114239 | K17: 1 | L17: EA | M17: 7991222 | N17: =_xlfn.XLOOKUP(M17,Mapping!P:P,Mapping!Q:Q) -> BRACKET,FIBERGLASS,18",CUTOUT & ARRESTER | O17: 7383695 | P17: FDC Added | Q17: =_xlfn.XLOOKUP(M17,Mapping!$K$1:$K$223,Mapping!$M$1:$M$223,"SLM") -> SLM | T17: REM
A18: =_xlfn.XLOOKUP(B18,'Component ID-Name'!B:B,'Component ID-Name'!A:A,"") -> 10526020 | B18: =M18&"-"&O18 -> 1100065-7383695 | C18: =_xlfn.XLOOKUP(L18,Mapping!$D$1:$D$11,Mapping!$A$1:$A$11) -> 1007 | D18: =_xlfn.XLOOKUP($L18,Mapping!$D$1:$D$11,Mapping!$B$1:$B$11) -> Activity | E18: =_xlfn.XLOOKUP($L18,Mapping!$D$1:$D$11,Mapping!$C$1:$C$11) -> Electrical | F18: Material Claiming | G18: =_xlfn.XLOOKUP(M18,Mapping!$S$1:$S$177,Mapping!$U$1:$U$177,"AUX") -> AUX | H18: 7383695 | I18: PACP-FDC-000687 | J18: =_xlfn.XLOOKUP(H18,Mapping!$F$1:$F$350,Mapping!$G$1:$G$350) -> 114239 | K18: 21 | L18: FT | M18: 1100065 | N18: =_xlfn.XLOOKUP(M18,Mapping!P:P,Mapping!Q:Q) -> CABLE,UG,600V,#2,CU,SINGLE | O18: 7383695 | P18: FDC Added | Q18: =_xlfn.XLOOKUP(M18,Mapping!$K$1:$K$223,Mapping!$M$1:$M$223,"SLM") -> SLM | T18: REM
A19: =_xlfn.XLOOKUP(B19,'Component ID-Name'!B:B,'Component ID-Name'!A:A,"") -> 10526031 | B19: =M19&"-"&O19 -> 4601902-7383695 | C19: =_xlfn.XLOOKUP(L19,Mapping!$D$1:$D$11,Mapping!$A$1:$A$11) -> 1116 | D19: =_xlfn.XLOOKUP($L19,Mapping!$D$1:$D$11,Mapping!$B$1:$B$11) -> Activity | E19: =_xlfn.XLOOKUP($L19,Mapping!$D$1:$D$11,Mapping!$C$1:$C$11) -> Electrical | F19: Material Claiming | G19: =_xlfn.XLOOKUP(M19,Mapping!$S$1:$S$177,Mapping!$U$1:$U$177,"AUX") -> AUX | H19: 7383695 | I19: PACP-FDC-000687 | J19: =_xlfn.XLOOKUP(H19,Mapping!$F$1:$F$350,Mapping!$G$1:$G$350) -> 114239 | K19: 1 | L19: EA | M19: 4601902 | N19: =_xlfn.XLOOKUP(M19,Mapping!P:P,Mapping!Q:Q) -> CLAMP,HOTLINE,#8SOL-2/0STR,#8-2/0 CU | O19: 7383695 | P19: FDC Added | Q19: =_xlfn.XLOOKUP(M19,Mapping!$K$1:$K$223,Mapping!$M$1:$M$223,"SLM") -> SLM | T19: REM
A20: =_xlfn.XLOOKUP(B20,'Component ID-Name'!B:B,'Component ID-Name'!A:A,"") -> 10526059 | B20: =M20&"-"&O20 -> 1300812-7383695 | C20: =_xlfn.XLOOKUP(L20,Mapping!$D$1:$D$11,Mapping!$A$1:$A$11) -> 1116 | D20: =_xlfn.XLOOKUP($L20,Mapping!$D$1:$D$11,Mapping!$B$1:$B$11) -> Activity | E20: =_xlfn.XLOOKUP($L20,Mapping!$D$1:$D$11,Mapping!$C$1:$C$11) -> Electrical | F20: Material Claiming | G20: =_xlfn.XLOOKUP(M20,Mapping!$S$1:$S$177,Mapping!$U$1:$U$177,"AUX") -> AUX | H20: 7383695 | I20: PACP-FDC-000687 | J20: =_xlfn.XLOOKUP(H20,Mapping!$F$1:$F$350,Mapping!$G$1:$G$350) -> 114239 | K20: 1 | L20: EA | M20: 1300812 | N20: =_xlfn.XLOOKUP(M20,Mapping!P:P,Mapping!Q:Q) -> CONN,STIRRUP,BLTD,4-250AL/ACSR,1/0SOL | O20: 7383695 | P20: FDC Added | Q20: =_xlfn.XLOOKUP(M20,Mapping!$K$1:$K$223,Mapping!$M$1:$M$223,"SLM") -> SLM | T20: REM
A21: =_xlfn.XLOOKUP(B21,'Component ID-Name'!B:B,'Component ID-Name'!A:A,"") -> 10526078 | B21: =M21&"-"&O21 -> 8006321-7383695 | C21: =_xlfn.XLOOKUP(L21,Mapping!$D$1:$D$11,Mapping!$A$1:$A$11) -> 1116 | D21: =_xlfn.XLOOKUP($L21,Mapping!$D$1:$D$11,Mapping!$B$1:$B$11) -> Activity | E21: =_xlfn.XLOOKUP($L21,Mapping!$D$1:$D$11,Mapping!$C$1:$C$11) -> Electrical | F21: Material Claiming | G21: =_xlfn.XLOOKUP(M21,Mapping!$S$1:$S$177,Mapping!$U$1:$U$177,"AUX") -> AUX | H21: 7383695 | I21: PACP-FDC-000687 | J21: =_xlfn.XLOOKUP(H21,Mapping!$F$1:$F$350,Mapping!$G$1:$G$350) -> 114239 | K21: 1 | L21: EA | M21: 8006321 | N21: =_xlfn.XLOOKUP(M21,Mapping!P:P,Mapping!Q:Q) -> COVER,CUTOUT,FR RATED,POLYMER,27KV150BIL | O21: 7383695 | P21: FDC Added | Q21: =_xlfn.XLOOKUP(M21,Mapping!$K$1:$K$223,Mapping!$M$1:$M$223,"SLM") -> SLM | T21: REM
A22: =_xlfn.XLOOKUP(B22,'Component ID-Name'!B:B,'Component ID-Name'!A:A,"") -> 10526058 | B22: =M22&"-"&O22 -> 8006513-7383695 | C22: =_xlfn.XLOOKUP(L22,Mapping!$D$1:$D$11,Mapping!$A$1:$A$11) -> 1116 | D22: =_xlfn.XLOOKUP($L22,Mapping!$D$1:$D$11,Mapping!$B$1:$B$11) -> Activity | E22: =_xlfn.XLOOKUP($L22,Mapping!$D$1:$D$11,Mapping!$C$1:$C$11) -> Electrical | F22: Material Claiming | G22: =_xlfn.XLOOKUP(M22,Mapping!$S$1:$S$177,Mapping!$U$1:$U$177,"AUX") -> AUX | H22: 7383695 | I22: PACP-FDC-000687 | J22: =_xlfn.XLOOKUP(H22,Mapping!$F$1:$F$350,Mapping!$G$1:$G$350) -> 114239 | K22: 1 | L22: EA | M22: 8006513 | N22: =_xlfn.XLOOKUP(M22,Mapping!P:P,Mapping!Q:Q) -> COVER,STIRRUP,COVERED CONDUCTOR^ | O22: 7383695 | P22: FDC Added | Q22: =_xlfn.XLOOKUP(M22,Mapping!$K$1:$K$223,Mapping!$M$1:$M$223,"SLM") -> SLM | T22: REM
... A61: =_xlfn.XLOOKUP(B61,'Component ID-Name'!B:B,'Component ID-Name'!A:A,"") -> 10526120 | B61: =M61&"-"&O61 -> 7992709-7383695 | C61: =_xlfn.XLOOKUP(L61,Mapping!$D$1:$D$11,Mapping!$A$1:$A$11) -> 1116 | D61: =_xlfn.XLOOKUP($L61,Mapping!$D$1:$D$11,Mapping!$B$1:$B$11) -> Activity | E61: =_xlfn.XLOOKUP($L61,Mapping!$D$1:$D$11,Mapping!$C$1:$C$11) -> Electrical | F61: Material Claiming | G61: =_xlfn.XLOOKUP(M61,Mapping!$S$1:$S$177,Mapping!$U$1:$U$177,"AUX") -> AUX | H61: 7383695 | I61: PACP-FDC-000698 | J61: =_xlfn.XLOOKUP(H61,Mapping!$F$1:$F$350,Mapping!$G$1:$G$350) -> 114239 | K61: 1 | L61: EA | M61: 7992709 | N61: =_xlfn.XLOOKUP(M61,Mapping!P:P,Mapping!Q:Q) -> XARM,FIBERGLASS,DEADEND,10FT,2POSITION^ | O61: 7383695 | P61: FDC Added | Q61: =_xlfn.XLOOKUP(M61,Mapping!$K$1:$K$223,Mapping!$M$1:$M$223,"SLM") -> SLM | T61: REM
A62: =_xlfn.XLOOKUP(B62,'Component ID-Name'!B:B,'Component ID-Name'!A:A,"") | B62: =M62&"-"&O62 -> - | C62: =_xlfn.XLOOKUP(L62,Mapping!$D$1:$D$11,Mapping!$A$1:$A$11) -> #N/A | D62: =_xlfn.XLOOKUP($L62,Mapping!$D$1:$D$11,Mapping!$B$1:$B$11) -> #N/A | E62: =_xlfn.XLOOKUP($L62,Mapping!$D$1:$D$11,Mapping!$C$1:$C$11) -> #N/A | F62: Material Claiming | G62: =_xlfn.XLOOKUP(M62,Mapping!$S$1:$S$177,Mapping!$U$1:$U$177,"AUX") -> 0 | J62: =_xlfn.XLOOKUP(H62,Mapping!$F$1:$F$350,Mapping!$G$1:$G$350) -> 0 | N62: =_xlfn.XLOOKUP(M62,Mapping!P:P,Mapping!Q:Q) -> 0 | Q62: =_xlfn.XLOOKUP(M62,Mapping!$K$1:$K$223,Mapping!$M$1:$M$223,"SLM") -> SLM | T62: REM
A63: =_xlfn.XLOOKUP(B63,'Component ID-Name'!B:B,'Component ID-Name'!A:A,"") | B63: =M63&"-"&O63 -> - | C63: =_xlfn.XLOOKUP(L63,Mapping!$D$1:$D$11,Mapping!$A$1:$A$11) -> #N/A | D63: =_xlfn.XLOOKUP($L63,Mapping!$D$1:$D$11,Mapping!$B$1:$B$11) -> #N/A | E63: =_xlfn.XLOOKUP($L63,Mapping!$D$1:$D$11,Mapping!$C$1:$C$11) -> #N/A | F63: Material Claiming | G63: =_xlfn.XLOOKUP(M63,Mapping!$S$1:$S$177,Mapping!$U$1:$U$177,"AUX") -> 0 | J63: =_xlfn.XLOOKUP(H63,Mapping!$F$1:$F$350,Mapping!$G$1:$G$350) -> 0 | N63: =_xlfn.XLOOKUP(M63,Mapping!P:P,Mapping!Q:Q) -> 0 | Q63: =_xlfn.XLOOKUP(M63,Mapping!$K$1:$K$223,Mapping!$M$1:$M$223,"SLM") -> SLM | T63: REM
A64: =_xlfn.XLOOKUP(B64,'Component ID-Name'!B:B,'Component ID-Name'!A:A,"") | B64: =M64&"-"&O64 -> - | C64: =_xlfn.XLOOKUP(L64,Mapping!$D$1:$D$11,Mapping!$A$1:$A$11) -> #N/A | D64: =_xlfn.XLOOKUP($L64,Mapping!$D$1:$D$11,Mapping!$B$1:$B$11) -> #N/A | E64: =_xlfn.XLOOKUP($L64,Mapping!$D$1:$D$11,Mapping!$C$1:$C$11) -> #N/A | F64: Material Claiming | G64: =_xlfn.XLOOKUP(M64,Mapping!$S$1:$S$177,Mapping!$U$1:$U$177,"AUX") -> 0 | J64: =_xlfn.XLOOKUP(H64,Mapping!$F$1:$F$350,Mapping!$G$1:$G$350) -> 0 | N64: =_xlfn.XLOOKUP(M64,Mapping!P:P,Mapping!Q:Q) -> 0 | Q64: =_xlfn.XLOOKUP(M64,Mapping!$K$1:$K$223,Mapping!$M$1:$M$223,"SLM") -> SLM | T64: REM
A65: =_xlfn.XLOOKUP(B65,'Component ID-Name'!B:B,'Component ID-Name'!A:A,"") | B65: =M65&"-"&O65 -> - | C65: =_xlfn.XLOOKUP(L65,Mapping!$D$1:$D$11,Mapping!$A$1:$A$11) -> #N/A | D65: =_xlfn.XLOOKUP($L65,Mapping!$D$1:$D$11,Mapping!$B$1:$B$11) -> #N/A | E65: =_xlfn.XLOOKUP($L65,Mapping!$D$1:$D$11,Mapping!$C$1:$C$11) -> #N/A | F65: Material Claiming | G65: =_xlfn.XLOOKUP(M65,Mapping!$S$1:$S$177,Mapping!$U$1:$U$177,"AUX") -> 0 | J65: =_xlfn.XLOOKUP(H65,Mapping!$F$1:$F$350,Mapping!$G$1:$G$350) -> 0 | N65: =_xlfn.XLOOKUP(M65,Mapping!P:P,Mapping!Q:Q) -> 0 | Q65: =_xlfn.XLOOKUP(M65,Mapping!$K$1:$K$223,Mapping!$M$1:$M$223,"SLM") -> SLM | T65: REM
A66: =_xlfn.XLOOKUP(B66,'Component ID-Name'!B:B,'Component ID-Name'!A:A,"") | B66: =M66&"-"&O66 -> - | C66: =_xlfn.XLOOKUP(L66,Mapping!$D$1:$D$11,Mapping!$A$1:$A$11) -> #N/A | D66: =_xlfn.XLOOKUP($L66,Mapping!$D$1:$D$11,Mapping!$B$1:$B$11) -> #N/A | E66: =_xlfn.XLOOKUP($L66,Mapping!$D$1:$D$11,Mapping!$C$1:$C$11) -> #N/A | F66: Material Claiming | G66: =_xlfn.XLOOKUP(M66,Mapping!$S$1:$S$177,Mapping!$U$1:$U$177,"AUX") -> 0 | J66: =_xlfn.XLOOKUP(H66,Mapping!$F$1:$F$350,Mapping!$G$1:$G$350) -> 0 | N66: =_xlfn.XLOOKUP(M66,Mapping!P:P,Mapping!Q:Q) -> 0 | Q66: =_xlfn.XLOOKUP(M66,Mapping!$K$1:$K$223,Mapping!$M$1:$M$223,"SLM") -> SLM | T66: REM
A67: =_xlfn.XLOOKUP(B67,'Component ID-Name'!B:B,'Component ID-Name'!A:A,"") | B67: =M67&"-"&O67 -> - | C67: =_xlfn.XLOOKUP(L67,Mapping!$D$1:$D$11,Mapping!$A$1:$A$11) -> #N/A | D67: =_xlfn.XLOOKUP($L67,Mapping!$D$1:$D$11,Mapping!$B$1:$B$11) -> #N/A | E67: =_xlfn.XLOOKUP($L67,Mapping!$D$1:$D$11,Mapping!$C$1:$C$11) -> #N/A | F67: Material Claiming | G67: =_xlfn.XLOOKUP(M67,Mapping!$S$1:$S$177,Mapping!$U$1:$U$177,"AUX") -> 0 | J67: =_xlfn.XLOOKUP(H67,Mapping!$F$1:$F$350,Mapping!$G$1:$G$350) -> 0 | N67: =_xlfn.XLOOKUP(M67,Mapping!P:P,Mapping!Q:Q) -> 0 | Q67: =_xlfn.XLOOKUP(M67,Mapping!$K$1:$K$223,Mapping!$M$1:$M$223,"SLM") -> SLM | T67: REM
A68: =_xlfn.XLOOKUP(B68,'Component ID-Name'!B:B,'Component ID-Name'!A:A,"") | B68: =M68&"-"&O68 -> - | C68: =_xlfn.XLOOKUP(L68,Mapping!$D$1:$D$11,Mapping!$A$1:$A$11) -> #N/A | D68: =_xlfn.XLOOKUP($L68,Mapping!$D$1:$D$11,Mapping!$B$1:$B$11) -> #N/A | E68: =_xlfn.XLOOKUP($L68,Mapping!$D$1:$D$11,Mapping!$C$1:$C$11) -> #N/A | F68: Material Claiming | G68: =_xlfn.XLOOKUP(M68,Mapping!$S$1:$S$177,Mapping!$U$1:$U$177,"AUX") -> 0 | J68: =_xlfn.XLOOKUP(H68,Mapping!$F$1:$F$350,Mapping!$G$1:$G$350) -> 0 | N68: =_xlfn.XLOOKUP(M68,Mapping!P:P,Mapping!Q:Q) -> 0 | Q68: =_xlfn.XLOOKUP(M68,Mapping!$K$1:$K$223,Mapping!$M$1:$M$223,"SLM") -> SLM | T68: REM
A69: =_xlfn.XLOOKUP(B69,'Component ID-Name'!B:B,'Component ID-Name'!A:A,"") | B69: =M69&"-"&O69 -> - | C69: =_xlfn.XLOOKUP(L69,Mapping!$D$1:$D$11,Mapping!$A$1:$A$11) -> #N/A | D69: =_xlfn.XLOOKUP($L69,Mapping!$D$1:$D$11,Mapping!$B$1:$B$11) -> #N/A | E69: =_xlfn.XLOOKUP($L69,Mapping!$D$1:$D$11,Mapping!$C$1:$C$11) -> #N/A | F69: Material Claiming | G69: =_xlfn.XLOOKUP(M69,Mapping!$S$1:$S$177,Mapping!$U$1:$U$177,"AUX") -> 0 | J69: =_xlfn.XLOOKUP(H69,Mapping!$F$1:$F$350,Mapping!$G$1:$G$350) -> 0 | N69: =_xlfn.XLOOKUP(M69,Mapping!P:P,Mapping!Q:Q) -> 0 | Q69: =_xlfn.XLOOKUP(M69,Mapping!$K$1:$K$223,Mapping!$M$1:$M$223,"SLM") -> SLM | T69: REM
A70: =_xlfn.XLOOKUP(B70,'Component ID-Name'!B:B,'Component ID-Name'!A:A,"") | B70: =M70&"-"&O70 -> - | C70: =_xlfn.XLOOKUP(L70,Mapping!$D$1:$D$11,Mapping!$A$1:$A$11) -> #N/A | D70: =_xlfn.XLOOKUP($L70,Mapping!$D$1:$D$11,Mapping!$B$1:$B$11) -> #N/A | E70: =_xlfn.XLOOKUP($L70,Mapping!$D$1:$D$11,Mapping!$C$1:$C$11) -> #N/A | F70: Material Claiming | G70: =_xlfn.XLOOKUP(M70,Mapping!$S$1:$S$177,Mapping!$U$1:$U$177,"AUX") -> 0 | J70: =_xlfn.XLOOKUP(H70,Mapping!$F$1:$F$350,Mapping!$G$1:$G$350) -> 0 | N70: =_xlfn.XLOOKUP(M70,Mapping!P:P,Mapping!Q:Q) -> 0 | Q70: =_xlfn.XLOOKUP(M70,Mapping!$K$1:$K$223,Mapping!$M$1:$M$223,"SLM") -> SLM | T70: REM
A71: =_xlfn.XLOOKUP(B71,'Component ID-Name'!B:B,'Component ID-Name'!A:A,"") | B71: =M71&"-"&O71 -> - | C71: =_xlfn.XLOOKUP(L71,Mapping!$D$1:$D$11,Mapping!$A$1:$A$11) -> #N/A | D71: =_xlfn.XLOOKUP($L71,Mapping!$D$1:$D$11,Mapping!$B$1:$B$11) -> #N/A | E71: =_xlfn.XLOOKUP($L71,Mapping!$D$1:$D$11,Mapping!$C$1:$C$11) -> #N/A | F71: Material Claiming | G71: =_xlfn.XLOOKUP(M71,Mapping!$S$1:$S$177,Mapping!$U$1:$U$177,"AUX") -> 0 | J71: =_xlfn.XLOOKUP(H71,Mapping!$F$1:$F$350,Mapping!$G$1:$G$350) -> 0 | N71: =_xlfn.XLOOKUP(M71,Mapping!P:P,Mapping!Q:Q) -> 0 | Q71: =_xlfn.XLOOKUP(M71,Mapping!$K$1:$K$223,Mapping!$M$1:$M$223,"SLM") -> SLM | T71: REM
A72: =_xlfn.XLOOKUP(B72,'Component ID-Name'!B:B,'Component ID-Name'!A:A,"") | B72: =M72&"-"&O72 -> - | C72: =_xlfn.XLOOKUP(L72,Mapping!$D$1:$D$11,Mapping!$A$1:$A$11) -> #N/A | D72: =_xlfn.XLOOKUP($L72,Mapping!$D$1:$D$11,Mapping!$B$1:$B$11) -> #N/A | E72: =_xlfn.XLOOKUP($L72,Mapping!$D$1:$D$11,Mapping!$C$1:$C$11) -> #N/A | F72: Material Claiming | G72: =_xlfn.XLOOKUP(M72,Mapping!$S$1:$S$177,Mapping!$U$1:$U$177,"AUX") -> 0 | J72: =_xlfn.XLOOKUP(H72,Mapping!$F$1:$F$350,Mapping!$G$1:$G$350) -> 0 | N72: =_xlfn.XLOOKUP(M72,Mapping!P:P,Mapping!Q:Q) -> 0 | Q72: =_xlfn.XLOOKUP(M72,Mapping!$K$1:$K$223,Mapping!$M$1:$M$223,"SLM") -> SLM | T72: REM
A73: =_xlfn.XLOOKUP(B73,'Component ID-Name'!B:B,'Component ID-Name'!A:A,"") | B73: =M73&"-"&O73 -> - | C73: =_xlfn.XLOOKUP(L73,Mapping!$D$1:$D$11,Mapping!$A$1:$A$11) -> #N/A | D73: =_xlfn.XLOOKUP($L73,Mapping!$D$1:$D$11,Mapping!$B$1:$B$11) -> #N/A | E73: =_xlfn.XLOOKUP($L73,Mapping!$D$1:$D$11,Mapping!$C$1:$C$11) -> #N/A | F73: Material Claiming | G73: =_xlfn.XLOOKUP(M73,Mapping!$S$1:$S$177,Mapping!$U$1:$U$177,"AUX") -> 0 | J73: =_xlfn.XLOOKUP(H73,Mapping!$F$1:$F$350,Mapping!$G$1:$G$350) -> 0 | N73: =_xlfn.XLOOKUP(M73,Mapping!P:P,Mapping!Q:Q) -> 0 | Q73: =_xlfn.XLOOKUP(M73,Mapping!$K$1:$K$223,Mapping!$M$1:$M$223,"SLM") -> SLM | T73: REM
... A1334: =_xlfn.XLOOKUP(B1334,'Component ID-Name'!B:B,'Component ID-Name'!A:A,"") | B1334: =M1334&"-"&O1334 -> - | C1334: =_xlfn.XLOOKUP(L1334,Mapping!$D$1:$D$11,Mapping!$A$1:$A$11) -> #N/A | D1334: =_xlfn.XLOOKUP($L1334,Mapping!$D$1:$D$11,Mapping!$B$1:$B$11) -> #N/A | E1334: =_xlfn.XLOOKUP($L1334,Mapping!$D$1:$D$11,Mapping!$C$1:$C$11) -> #N/A | F1334: Material Claiming | G1334: =_xlfn.XLOOKUP(M1334,Mapping!$S$1:$S$177,Mapping!$U$1:$U$177,"AUX") -> 0 | J1334: =_xlfn.XLOOKUP(H1334,Mapping!$F$1:$F$350,Mapping!$G$1:$G$350) -> 0 | N1334: =_xlfn.XLOOKUP(M1334,Mapping!P:P,Mapping!Q:Q) -> 0 | Q1334: =_xlfn.XLOOKUP(M1334,Mapping!$K$1:$K$223,Mapping!$M$1:$M$223,"SLM") -> SLM | T1334: REM
A1335: =_xlfn.XLOOKUP(B1335,'Component ID-Name'!B:B,'Component ID-Name'!A:A,"") | B1335: =M1335&"-"&O1335 -> - | C1335: =_xlfn.XLOOKUP(L1335,Mapping!$D$1:$D$11,Mapping!$A$1:$A$11) -> #N/A | D1335: =_xlfn.XLOOKUP($L1335,Mapping!$D$1:$D$11,Mapping!$B$1:$B$11) -> #N/A | E1335: =_xlfn.XLOOKUP($L1335,Mapping!$D$1:$D$11,Mapping!$C$1:$C$11) -> #N/A | F1335: Material Claiming | G1335: =_xlfn.XLOOKUP(M1335,Mapping!$S$1:$S$177,Mapping!$U$1:$U$177,"AUX") -> 0 | J1335: =_xlfn.XLOOKUP(H1335,Mapping!$F$1:$F$175,Mapping!$G$1:$G$175) -> #N/A | N1335: =_xlfn.XLOOKUP(M1335,Mapping!P:P,Mapping!Q:Q) -> 0 | Q1335: =_xlfn.XLOOKUP(M1335,Mapping!$K$1:$K$223,Mapping!$M$1:$M$223,"SLM") -> SLM | T1335: REM
A1336: =_xlfn.XLOOKUP(B1336,'Component ID-Name'!B:B,'Component ID-Name'!A:A,"") | B1336: =M1336&"-"&O1336 -> - | C1336: =_xlfn.XLOOKUP(L1336,Mapping!$D$1:$D$11,Mapping!$A$1:$A$11) -> #N/A | D1336: =_xlfn.XLOOKUP($L1336,Mapping!$D$1:$D$11,Mapping!$B$1:$B$11) -> #N/A | E1336: =_xlfn.XLOOKUP($L1336,Mapping!$D$1:$D$11,Mapping!$C$1:$C$11) -> #N/A | F1336: Material Claiming | G1336: =_xlfn.XLOOKUP(M1336,Mapping!$S$1:$S$177,Mapping!$U$1:$U$177,"AUX") -> 0 | J1336: =_xlfn.XLOOKUP(H1336,Mapping!$F$1:$F$175,Mapping!$G$1:$G$175) -> #N/A | N1336: =_xlfn.XLOOKUP(M1336,Mapping!P:P,Mapping!Q:Q) -> 0 | Q1336: =_xlfn.XLOOKUP(M1336,Mapping!$K$1:$K$223,Mapping!$M$1:$M$223,"SLM") -> SLM | T1336: REM
A1337: =_xlfn.XLOOKUP(B1337,'Component ID-Name'!B:B,'Component ID-Name'!A:A,"") | B1337: =M1337&"-"&O1337 -> - | C1337: =_xlfn.XLOOKUP(L1337,Mapping!$D$1:$D$11,Mapping!$A$1:$A$11) -> #N/A | D1337: =_xlfn.XLOOKUP($L1337,Mapping!$D$1:$D$11,Mapping!$B$1:$B$11) -> #N/A | E1337: =_xlfn.XLOOKUP($L1337,Mapping!$D$1:$D$11,Mapping!$C$1:$C$11) -> #N/A | F1337: Material Claiming | G1337: =_xlfn.XLOOKUP(M1337,Mapping!$S$1:$S$177,Mapping!$U$1:$U$177,"AUX") -> 0 | J1337: =_xlfn.XLOOKUP(H1337,Mapping!$F$1:$F$175,Mapping!$G$1:$G$175) -> #N/A | N1337: =_xlfn.XLOOKUP(M1337,Mapping!P:P,Mapping!Q:Q) -> 0 | Q1337: =_xlfn.XLOOKUP(M1337,Mapping!$K$1:$K$223,Mapping!$M$1:$M$223,"SLM") -> SLM | T1337: REM
A1338: =_xlfn.XLOOKUP(B1338,'Component ID-Name'!B:B,'Component ID-Name'!A:A,"") | B1338: =M1338&"-"&O1338 -> - | C1338: =_xlfn.XLOOKUP(L1338,Mapping!$D$1:$D$11,Mapping!$A$1:$A$11) -> #N/A | D1338: =_xlfn.XLOOKUP($L1338,Mapping!$D$1:$D$11,Mapping!$B$1:$B$11) -> #N/A | E1338: =_xlfn.XLOOKUP($L1338,Mapping!$D$1:$D$11,Mapping!$C$1:$C$11) -> #N/A | F1338: Material Claiming | G1338: =_xlfn.XLOOKUP(M1338,Mapping!$S$1:$S$177,Mapping!$U$1:$U$177,"AUX") -> 0 | J1338: =_xlfn.XLOOKUP(H1338,Mapping!$F$1:$F$175,Mapping!$G$1:$G$175) -> #N/A | N1338: =_xlfn.XLOOKUP(M1338,Mapping!P:P,Mapping!Q:Q) -> 0 | Q1338: =_xlfn.XLOOKUP(M1338,Mapping!$K$1:$K$223,Mapping!$M$1:$M$223,"SLM") -> SLM | T1338: REM
A1339: =_xlfn.XLOOKUP(B1339,'Component ID-Name'!B:B,'Component ID-Name'!A:A,"") | B1339: =M1339&"-"&O1339 -> - | C1339: =_xlfn.XLOOKUP(L1339,Mapping!$D$1:$D$11,Mapping!$A$1:$A$11) -> #N/A | D1339: =_xlfn.XLOOKUP($L1339,Mapping!$D$1:$D$11,Mapping!$B$1:$B$11) -> #N/A | E1339: =_xlfn.XLOOKUP($L1339,Mapping!$D$1:$D$11,Mapping!$C$1:$C$11) -> #N/A | F1339: Material Claiming | G1339: =_xlfn.XLOOKUP(M1339,Mapping!$S$1:$S$177,Mapping!$U$1:$U$177,"AUX") -> 0 | J1339: =_xlfn.XLOOKUP(H1339,Mapping!$F$1:$F$175,Mapping!$G$1:$G$175) -> #N/A | N1339: =_xlfn.XLOOKUP(M1339,Mapping!P:P,Mapping!Q:Q) -> 0 | Q1339: =_xlfn.XLOOKUP(M1339,Mapping!$K$1:$K$223,Mapping!$M$1:$M$223,"SLM") -> SLM | T1339: REM
A1340: =_xlfn.XLOOKUP(B1340,'Component ID-Name'!B:B,'Component ID-Name'!A:A,"") | B1340: =M1340&"-"&O1340 -> - | C1340: =_xlfn.XLOOKUP(L1340,Mapping!$D$1:$D$11,Mapping!$A$1:$A$11) -> #N/A | D1340: =_xlfn.XLOOKUP($L1340,Mapping!$D$1:$D$11,Mapping!$B$1:$B$11) -> #N/A | E1340: =_xlfn.XLOOKUP($L1340,Mapping!$D$1:$D$11,Mapping!$C$1:$C$11) -> #N/A | F1340: Material Claiming | G1340: =_xlfn.XLOOKUP(M1340,Mapping!$S$1:$S$177,Mapping!$U$1:$U$177,"AUX") -> 0 | J1340: =_xlfn.XLOOKUP(H1340,Mapping!$F$1:$F$175,Mapping!$G$1:$G$175) -> #N/A | N1340: =_xlfn.XLOOKUP(M1340,Mapping!P:P,Mapping!Q:Q) -> 0 | Q1340: =_xlfn.XLOOKUP(M1340,Mapping!$K$1:$K$223,Mapping!$M$1:$M$223,"SLM") -> SLM | T1340: REM
A1341: =_xlfn.XLOOKUP(B1341,'Component ID-Name'!B:B,'Component ID-Name'!A:A,"") | B1341: =M1341&"-"&O1341 -> - | C1341: =_xlfn.XLOOKUP(L1341,Mapping!$D$1:$D$11,Mapping!$A$1:$A$11) -> #N/A | D1341: =_xlfn.XLOOKUP($L1341,Mapping!$D$1:$D$11,Mapping!$B$1:$B$11) -> #N/A | E1341: =_xlfn.XLOOKUP($L1341,Mapping!$D$1:$D$11,Mapping!$C$1:$C$11) -> #N/A | F1341: Material Claiming | G1341: =_xlfn.XLOOKUP(M1341,Mapping!$S$1:$S$177,Mapping!$U$1:$U$177,"AUX") -> 0 | J1341: =_xlfn.XLOOKUP(H1341,Mapping!$F$1:$F$175,Mapping!$G$1:$G$175) -> #N/A | N1341: =_xlfn.XLOOKUP(M1341,Mapping!P:P,Mapping!Q:Q) -> 0 | Q1341: =_xlfn.XLOOKUP(M1341,Mapping!$K$1:$K$223,Mapping!$M$1:$M$223,"SLM") -> SLM | T1341: REM
A1342: =_xlfn.XLOOKUP(B1342,'Component ID-Name'!B:B,'Component ID-Name'!A:A,"") | B1342: =M1342&"-"&O1342 -> - | C1342: =_xlfn.XLOOKUP(L1342,Mapping!$D$1:$D$11,Mapping!$A$1:$A$11) -> #N/A | D1342: =_xlfn.XLOOKUP($L1342,Mapping!$D$1:$D$11,Mapping!$B$1:$B$11) -> #N/A | E1342: =_xlfn.XLOOKUP($L1342,Mapping!$D$1:$D$11,Mapping!$C$1:$C$11) -> #N/A | F1342: Material Claiming | G1342: =_xlfn.XLOOKUP(M1342,Mapping!$S$1:$S$177,Mapping!$U$1:$U$177,"AUX") -> 0 | J1342: =_xlfn.XLOOKUP(H1342,Mapping!$F$1:$F$175,Mapping!$G$1:$G$175) -> #N/A | N1342: =_xlfn.XLOOKUP(M1342,Mapping!P:P,Mapping!Q:Q) -> 0 | Q1342: =_xlfn.XLOOKUP(M1342,Mapping!$K$1:$K$223,Mapping!$M$1:$M$223,"SLM") -> SLM | T1342: REM
A1343: =_xlfn.XLOOKUP(B1343,'Component ID-Name'!B:B,'Component ID-Name'!A:A,"") | B1343: =M1343&"-"&O1343 -> - | C1343: =_xlfn.XLOOKUP(L1343,Mapping!$D$1:$D$11,Mapping!$A$1:$A$11) -> #N/A | D1343: =_xlfn.XLOOKUP($L1343,Mapping!$D$1:$D$11,Mapping!$B$1:$B$11) -> #N/A | E1343: =_xlfn.XLOOKUP($L1343,Mapping!$D$1:$D$11,Mapping!$C$1:$C$11) -> #N/A | F1343: Material Claiming | G1343: =_xlfn.XLOOKUP(M1343,Mapping!$S$1:$S$177,Mapping!$U$1:$U$177,"AUX") -> 0 | J1343: =_xlfn.XLOOKUP(H1343,Mapping!$F$1:$F$175,Mapping!$G$1:$G$175) -> #N/A | N1343: =_xlfn.XLOOKUP(M1343,Mapping!P:P,Mapping!Q:Q) -> 0 | Q1343: =_xlfn.XLOOKUP(M1343,Mapping!$K$1:$K$223,Mapping!$M$1:$M$223,"SLM") -> SLM | T1343: REM
A1344: =_xlfn.XLOOKUP(B1344,'Component ID-Name'!B:B,'Component ID-Name'!A:A,"") | B1344: =M1344&"-"&O1344 -> - | C1344: =_xlfn.XLOOKUP(L1344,Mapping!$D$1:$D$11,Mapping!$A$1:$A$11) -> #N/A | D1344: =_xlfn.XLOOKUP($L1344,Mapping!$D$1:$D$11,Mapping!$B$1:$B$11) -> #N/A | E1344: =_xlfn.XLOOKUP($L1344,Mapping!$D$1:$D$11,Mapping!$C$1:$C$11) -> #N/A | F1344: Material Claiming | G1344: =_xlfn.XLOOKUP(M1344,Mapping!$S$1:$S$177,Mapping!$U$1:$U$177,"AUX") -> 0 | J1344: =_xlfn.XLOOKUP(H1344,Mapping!$F$1:$F$175,Mapping!$G$1:$G$175) -> #N/A | N1344: =_xlfn.XLOOKUP(M1344,Mapping!P:P,Mapping!Q:Q) -> 0 | Q1344: =_xlfn.XLOOKUP(M1344,Mapping!$K$1:$K$223,Mapping!$M$1:$M$223,"SLM") -> SLM | T1344: REM
A1345: =_xlfn.XLOOKUP(B1345,'Component ID-Name'!B:B,'Component ID-Name'!A:A,"") | B1345: =M1345&"-"&O1345 -> - | C1345: =_xlfn.XLOOKUP(L1345,Mapping!$D$1:$D$11,Mapping!$A$1:$A$11) -> #N/A | D1345: =_xlfn.XLOOKUP($L1345,Mapping!$D$1:$D$11,Mapping!$B$1:$B$11) -> #N/A | E1345: =_xlfn.XLOOKUP($L1345,Mapping!$D$1:$D$11,Mapping!$C$1:$C$11) -> #N/A | F1345: Material Claiming | G1345: =_xlfn.XLOOKUP(M1345,Mapping!$S$1:$S$177,Mapping!$U$1:$U$177,"AUX") -> 0 | J1345: =_xlfn.XLOOKUP(H1345,Mapping!$F$1:$F$175,Mapping!$G$1:$G$175) -> #N/A | N1345: =_xlfn.XLOOKUP(M1345,Mapping!P:P,Mapping!Q:Q) -> 0 | Q1345: =_xlfn.XLOOKUP(M1345,Mapping!$K$1:$K$223,Mapping!$M$1:$M$223,"SLM") -> SLM | T1345: REM
A1346: =_xlfn.XLOOKUP(B1346,'Component ID-Name'!B:B,'Component ID-Name'!A:A,"") | B1346: =M1346&"-"&O1346 -> - | C1346: =_xlfn.XLOOKUP(L1346,Mapping!$D$1:$D$11,Mapping!$A$1:$A$11) -> #N/A | D1346: =_xlfn.XLOOKUP($L1346,Mapping!$D$1:$D$11,Mapping!$B$1:$B$11) -> #N/A | E1346: =_xlfn.XLOOKUP($L1346,Mapping!$D$1:$D$11,Mapping!$C$1:$C$11) -> #N/A | F1346: Material Claiming | G1346: =_xlfn.XLOOKUP(M1346,Mapping!$S$1:$S$177,Mapping!$U$1:$U$177,"AUX") -> 0 | J1346: =_xlfn.XLOOKUP(H1346,Mapping!$F$1:$F$175,Mapping!$G$1:$G$175) -> #N/A | N1346: =_xlfn.XLOOKUP(M1346,Mapping!P:P,Mapping!Q:Q) -> 0 | Q1346: =_xlfn.XLOOKUP(M1346,Mapping!$K$1:$K$223,Mapping!$M$1:$M$223,"SLM") -> SLM | T1346: REM
... A9329: =_xlfn.XLOOKUP(B9329,'Component ID-Name'!B:B,'Component ID-Name'!A:A,"") | B9329: =M9329&"-"&O9329 -> - | C9329: =_xlfn.XLOOKUP(L9329,Mapping!$D$1:$D$11,Mapping!$A$1:$A$11) -> #N/A | D9329: =_xlfn.XLOOKUP($L9329,Mapping!$D$1:$D$11,Mapping!$B$1:$B$11) -> #N/A | E9329: =_xlfn.XLOOKUP($L9329,Mapping!$D$1:$D$11,Mapping!$C$1:$C$11) -> #N/A | F9329: Material Claiming | G9329: =_xlfn.XLOOKUP(M9329,Mapping!$S$1:$S$177,Mapping!$U$1:$U$177,"AUX") -> 0 | J9329: =_xlfn.XLOOKUP(H9329,Mapping!$F$1:$F$175,Mapping!$G$1:$G$175) -> #N/A | N9329: =_xlfn.XLOOKUP(M9329,Mapping!P:P,Mapping!Q:Q) -> 0 | Q9329: =_xlfn.XLOOKUP(M9329,Mapping!$K$1:$K$223,Mapping!$M$1:$M$223,"SLM") -> SLM | T9329: REM
B9330: =M9330&"-"&O9330 -> - | C9330: =_xlfn.XLOOKUP(L9330,Mapping!$D$1:$D$11,Mapping!$A$1:$A$11) -> #N/A | D9330: =_xlfn.XLOOKUP($L9330,Mapping!$D$1:$D$11,Mapping!$B$1:$B$11) -> #N/A | E9330: =_xlfn.XLOOKUP($L9330,Mapping!$D$1:$D$11,Mapping!$C$1:$C$11) -> #N/A | F9330: Material Claiming | G9330: =_xlfn.XLOOKUP(M9330,Mapping!$S$1:$S$177,Mapping!$U$1:$U$177,"AUX") -> 0 | J9330: =_xlfn.XLOOKUP(H9330,Mapping!$F$1:$F$175,Mapping!$G$1:$G$175) -> #N/A | N9330: =_xlfn.XLOOKUP(M9330,Mapping!P:P,Mapping!Q:Q) -> 0 | Q9330: =_xlfn.XLOOKUP(M9330,Mapping!$K$1:$K$223,Mapping!$M$1:$M$223,"SLM") -> SLM | T9330: REM
A9331: =_xlfn.XLOOKUP(B9331,'Component ID-Name'!B:B,'Component ID-Name'!A:A,"") | B9331: =M9331&"-"&O9331 -> - | C9331: =_xlfn.XLOOKUP(L9331,Mapping!$D$1:$D$11,Mapping!$A$1:$A$11) -> #N/A | D9331: =_xlfn.XLOOKUP($L9331,Mapping!$D$1:$D$11,Mapping!$B$1:$B$11) -> #N/A | E9331: =_xlfn.XLOOKUP($L9331,Mapping!$D$1:$D$11,Mapping!$C$1:$C$11) -> #N/A | F9331: Material Claiming | G9331: =_xlfn.XLOOKUP(M9331,Mapping!$S$1:$S$177,Mapping!$U$1:$U$177,"AUX") -> 0 | J9331: =_xlfn.XLOOKUP(H9331,Mapping!$F$1:$F$175,Mapping!$G$1:$G$175) -> #N/A | N9331: =_xlfn.XLOOKUP(M9331,Mapping!P:P,Mapping!Q:Q) -> 0 | Q9331: =_xlfn.XLOOKUP(M9331,Mapping!$K$1:$K$223,Mapping!$M$1:$M$223,"SLM") -> SLM | T9331: REM
A9332: =_xlfn.XLOOKUP(B9332,'Component ID-Name'!B:B,'Component ID-Name'!A:A,"") | B9332: =M9332&"-"&O9332 -> - | C9332: =_xlfn.XLOOKUP(L9332,Mapping!$D$1:$D$11,Mapping!$A$1:$A$11) -> #N/A | D9332: =_xlfn.XLOOKUP($L9332,Mapping!$D$1:$D$11,Mapping!$B$1:$B$11) -> #N/A | E9332: =_xlfn.XLOOKUP($L9332,Mapping!$D$1:$D$11,Mapping!$C$1:$C$11) -> #N/A | F9332: Material Claiming | G9332: =_xlfn.XLOOKUP(M9332,Mapping!$S$1:$S$177,Mapping!$U$1:$U$177,"AUX") -> 0 | J9332: =_xlfn.XLOOKUP(H9332,Mapping!$F$1:$F$175,Mapping!$G$1:$G$175) -> #N/A | N9332: =_xlfn.XLOOKUP(M9332,Mapping!P:P,Mapping!Q:Q) -> 0 | Q9332: =_xlfn.XLOOKUP(M9332,Mapping!$K$1:$K$223,Mapping!$M$1:$M$223,"SLM") -> SLM | T9332: REM
A9333: =_xlfn.XLOOKUP(B9333,'Component ID-Name'!B:B,'Component ID-Name'!A:A,"") | B9333: =M9333&"-"&O9333 -> - | C9333: =_xlfn.XLOOKUP(L9333,Mapping!$D$1:$D$11,Mapping!$A$1:$A$11) -> #N/A | D9333: =_xlfn.XLOOKUP($L9333,Mapping!$D$1:$D$11,Mapping!$B$1:$B$11) -> #N/A | E9333: =_xlfn.XLOOKUP($L9333,Mapping!$D$1:$D$11,Mapping!$C$1:$C$11) -> #N/A | F9333: Material Claiming | G9333: =_xlfn.XLOOKUP(M9333,Mapping!$S$1:$S$177,Mapping!$U$1:$U$177,"AUX") -> 0 | J9333: =_xlfn.XLOOKUP(H9333,Mapping!$F$1:$F$175,Mapping!$G$1:$G$175) -> #N/A | N9333: =_xlfn.XLOOKUP(M9333,Mapping!P:P,Mapping!Q:Q) -> 0 | Q9333: =_xlfn.XLOOKUP(M9333,Mapping!$K$1:$K$223,Mapping!$M$1:$M$223,"SLM") -> SLM | T9333: REM
A9334: =_xlfn.XLOOKUP(B9334,'Component ID-Name'!B:B,'Component ID-Name'!A:A,"") | B9334: =M9334&"-"&O9334 -> - | C9334: =_xlfn.XLOOKUP(L9334,Mapping!$D$1:$D$11,Mapping!$A$1:$A$11) -> #N/A | D9334: =_xlfn.XLOOKUP($L9334,Mapping!$D$1:$D$11,Mapping!$B$1:$B$11) -> #N/A | E9334: =_xlfn.XLOOKUP($L9334,Mapping!$D$1:$D$11,Mapping!$C$1:$C$11) -> #N/A | F9334: Material Claiming | G9334: =_xlfn.XLOOKUP(M9334,Mapping!$S$1:$S$177,Mapping!$U$1:$U$177,"AUX") -> 0 | J9334: =_xlfn.XLOOKUP(H9334,Mapping!$F$1:$F$175,Mapping!$G$1:$G$175) -> #N/A | N9334: =_xlfn.XLOOKUP(M9334,Mapping!P:P,Mapping!Q:Q) -> 0 | Q9334: =_xlfn.XLOOKUP(M9334,Mapping!$K$1:$K$223,Mapping!$M$1:$M$223,"SLM") -> SLM | T9334: REM
A9335: =_xlfn.XLOOKUP(B9335,'Component ID-Name'!B:B,'Component ID-Name'!A:A,"") | B9335: =M9335&"-"&O9335 -> - | C9335: =_xlfn.XLOOKUP(L9335,Mapping!$D$1:$D$11,Mapping!$A$1:$A$11) -> #N/A | D9335: =_xlfn.XLOOKUP($L9335,Mapping!$D$1:$D$11,Mapping!$B$1:$B$11) -> #N/A | E9335: =_xlfn.XLOOKUP($L9335,Mapping!$D$1:$D$11,Mapping!$C$1:$C$11) -> #N/A | F9335: Material Claiming | G9335: =_xlfn.XLOOKUP(M9335,Mapping!$S$1:$S$177,Mapping!$U$1:$U$177,"AUX") -> 0 | J9335: =_xlfn.XLOOKUP(H9335,Mapping!$F$1:$F$175,Mapping!$G$1:$G$175) -> #N/A | N9335: =_xlfn.XLOOKUP(M9335,Mapping!P:P,Mapping!Q:Q) -> 0 | Q9335: =_xlfn.XLOOKUP(M9335,Mapping!$K$1:$K$223,Mapping!$M$1:$M$223,"SLM") -> SLM | T9335: REM
A9336: =_xlfn.XLOOKUP(B9336,'Component ID-Name'!B:B,'Component ID-Name'!A:A,"") | B9336: =M9336&"-"&O9336 -> - | C9336: =_xlfn.XLOOKUP(L9336,Mapping!$D$1:$D$11,Mapping!$A$1:$A$11) -> #N/A | D9336: =_xlfn.XLOOKUP($L9336,Mapping!$D$1:$D$11,Mapping!$B$1:$B$11) -> #N/A | E9336: =_xlfn.XLOOKUP($L9336,Mapping!$D$1:$D$11,Mapping!$C$1:$C$11) -> #N/A | F9336: Material Claiming | G9336: =_xlfn.XLOOKUP(M9336,Mapping!$S$1:$S$177,Mapping!$U$1:$U$177,"AUX") -> 0 | J9336: =_xlfn.XLOOKUP(H9336,Mapping!$F$1:$F$175,Mapping!$G$1:$G$175) -> #N/A | N9336: =_xlfn.XLOOKUP(M9336,Mapping!P:P,Mapping!Q:Q) -> 0 | Q9336: =_xlfn.XLOOKUP(M9336,Mapping!$K$1:$K$223,Mapping!$M$1:$M$223,"SLM") -> SLM | T9336: REM
A9337: =_xlfn.XLOOKUP(B9337,'Component ID-Name'!B:B,'Component ID-Name'!A:A,"") | B9337: =M9337&"-"&O9337 -> - | C9337: =_xlfn.XLOOKUP(L9337,Mapping!$D$1:$D$11,Mapping!$A$1:$A$11) -> #N/A | D9337: =_xlfn.XLOOKUP($L9337,Mapping!$D$1:$D$11,Mapping!$B$1:$B$11) -> #N/A | E9337: =_xlfn.XLOOKUP($L9337,Mapping!$D$1:$D$11,Mapping!$C$1:$C$11) -> #N/A | F9337: Material Claiming | G9337: =_xlfn.XLOOKUP(M9337,Mapping!$S$1:$S$177,Mapping!$U$1:$U$177,"AUX") -> 0 | J9337: =_xlfn.XLOOKUP(H9337,Mapping!$F$1:$F$175,Mapping!$G$1:$G$175) -> #N/A | N9337: =_xlfn.XLOOKUP(M9337,Mapping!P:P,Mapping!Q:Q) -> 0 | Q9337: =_xlfn.XLOOKUP(M9337,Mapping!$K$1:$K$223,Mapping!$M$1:$M$223,"SLM") -> SLM | T9337: REM
A9338: =_xlfn.XLOOKUP(B9338,'Component ID-Name'!B:B,'Component ID-Name'!A:A,"") | B9338: =M9338&"-"&O9338 -> - | C9338: =_xlfn.XLOOKUP(L9338,Mapping!$D$1:$D$11,Mapping!$A$1:$A$11) -> #N/A | D9338: =_xlfn.XLOOKUP($L9338,Mapping!$D$1:$D$11,Mapping!$B$1:$B$11) -> #N/A | E9338: =_xlfn.XLOOKUP($L9338,Mapping!$D$1:$D$11,Mapping!$C$1:$C$11) -> #N/A | F9338: Material Claiming | G9338: =_xlfn.XLOOKUP(M9338,Mapping!$S$1:$S$177,Mapping!$U$1:$U$177,"AUX") -> 0 | J9338: =_xlfn.XLOOKUP(H9338,Mapping!$F$1:$F$175,Mapping!$G$1:$G$175) -> #N/A | N9338: =_xlfn.XLOOKUP(M9338,Mapping!P:P,Mapping!Q:Q) -> 0 | Q9338: =_xlfn.XLOOKUP(M9338,Mapping!$K$1:$K$223,Mapping!$M$1:$M$223,"SLM") -> SLM | T9338: REM
B9339: =M9339&"-"&O9339 -> - | C9339: =_xlfn.XLOOKUP(L9339,Mapping!$D$1:$D$11,Mapping!$A$1:$A$11) -> #N/A | D9339: =_xlfn.XLOOKUP($L9339,Mapping!$D$1:$D$11,Mapping!$B$1:$B$11) -> #N/A | E9339: =_xlfn.XLOOKUP($L9339,Mapping!$D$1:$D$11,Mapping!$C$1:$C$11) -> #N/A | F9339: Material Claiming | G9339: =_xlfn.XLOOKUP(M9339,Mapping!$S$1:$S$177,Mapping!$U$1:$U$177,"AUX") -> 0 | J9339: =_xlfn.XLOOKUP(H9339,Mapping!$F$1:$F$175,Mapping!$G$1:$G$175) -> #N/A | N9339: =_xlfn.XLOOKUP(M9339,Mapping!P:P,Mapping!Q:Q) -> 0 | Q9339: =_xlfn.XLOOKUP(M9339,Mapping!$K$1:$K$223,Mapping!$M$1:$M$223,"SLM") -> SLM | T9339: REM
A9340: =_xlfn.XLOOKUP(B9340,'Component ID-Name'!B:B,'Component ID-Name'!A:A,"") | B9340: =M9340&"-"&O9340 -> - | C9340: =_xlfn.XLOOKUP(L9340,Mapping!$D$1:$D$11,Mapping!$A$1:$A$11) -> #N/A | D9340: =_xlfn.XLOOKUP($L9340,Mapping!$D$1:$D$11,Mapping!$B$1:$B$11) -> #N/A | E9340: =_xlfn.XLOOKUP($L9340,Mapping!$D$1:$D$11,Mapping!$C$1:$C$11) -> #N/A | F9340: Material Claiming | G9340: =_xlfn.XLOOKUP(M9340,Mapping!$S$1:$S$177,Mapping!$U$1:$U$177,"AUX") -> 0 | J9340: =_xlfn.XLOOKUP(H9340,Mapping!$F$1:$F$175,Mapping!$G$1:$G$175) -> #N/A | N9340: =_xlfn.XLOOKUP(M9340,Mapping!P:P,Mapping!Q:Q) -> 0 | Q9340: =_xlfn.XLOOKUP(M9340,Mapping!$K$1:$K$223,Mapping!$M$1:$M$223,"SLM") -> SLM | T9340: REM
A9341: =_xlfn.XLOOKUP(B9341,'Component ID-Name'!B:B,'Component ID-Name'!A:A,"") | B9341: =M9341&"-"&O9341 -> - | C9341: =_xlfn.XLOOKUP(L9341,Mapping!$D$1:$D$11,Mapping!$A$1:$A$11) -> #N/A | D9341: =_xlfn.XLOOKUP($L9341,Mapping!$D$1:$D$11,Mapping!$B$1:$B$11) -> #N/A | E9341: =_xlfn.XLOOKUP($L9341,Mapping!$D$1:$D$11,Mapping!$C$1:$C$11) -> #N/A | F9341: Material Claiming | G9341: =_xlfn.XLOOKUP(M9341,Mapping!$S$1:$S$177,Mapping!$U$1:$U$177,"AUX") -> 0 | J9341: =_xlfn.XLOOKUP(H9341,Mapping!$F$1:$F$175,Mapping!$G$1:$G$175) -> #N/A | N9341: =_xlfn.XLOOKUP(M9341,Mapping!P:P,Mapping!Q:Q) -> 0 | Q9341: =_xlfn.XLOOKUP(M9341,Mapping!$K$1:$K$223,Mapping!$M$1:$M$223,"SLM") -> SLM | T9341: REM
A9342: =_xlfn.XLOOKUP(B9342,'Component ID-Name'!B:B,'Component ID-Name'!A:A,"") | B9342: =M9342&"-"&O9342 -> - | C9342: =_xlfn.XLOOKUP(L9342,Mapping!$D$1:$D$11,Mapping!$A$1:$A$11) -> #N/A | D9342: =_xlfn.XLOOKUP($L9342,Mapping!$D$1:$D$11,Mapping!$B$1:$B$11) -> #N/A | E9342: =_xlfn.XLOOKUP($L9342,Mapping!$D$1:$D$11,Mapping!$C$1:$C$11) -> #N/A | F9342: Material Claiming | G9342: =_xlfn.XLOOKUP(M9342,Mapping!$S$1:$S$177,Mapping!$U$1:$U$177,"AUX") -> 0 | J9342: =_xlfn.XLOOKUP(H9342,Mapping!$F$1:$F$175,Mapping!$G$1:$G$175) -> #N/A | N9342: =_xlfn.XLOOKUP(M9342,Mapping!P:P,Mapping!Q:Q) -> 0 | Q9342: =_xlfn.XLOOKUP(M9342,Mapping!$K$1:$K$223,Mapping!$M$1:$M$223,"SLM") -> SLM | T9342: REM
A9343: =_xlfn.XLOOKUP(B9343,'Component ID-Name'!B:B,'Component ID-Name'!A:A,"") | B9343: =M9343&"-"&O9343 -> - | C9343: =_xlfn.XLOOKUP(L9343,Mapping!$D$1:$D$11,Mapping!$A$1:$A$11) -> #N/A | D9343: =_xlfn.XLOOKUP($L9343,Mapping!$D$1:$D$11,Mapping!$B$1:$B$11) -> #N/A | E9343: =_xlfn.XLOOKUP($L9343,Mapping!$D$1:$D$11,Mapping!$C$1:$C$11) -> #N/A | F9343: Material Claiming | G9343: =_xlfn.XLOOKUP(M9343,Mapping!$S$1:$S$177,Mapping!$U$1:$U$177,"AUX") -> 0 | J9343: =_xlfn.XLOOKUP(H9343,Mapping!$F$1:$F$175,Mapping!$G$1:$G$175) -> #N/A | N9343: =_xlfn.XLOOKUP(M9343,Mapping!P:P,Mapping!Q:Q) -> 0 | Q9343: =_xlfn.XLOOKUP(M9343,Mapping!$K$1:$K$223,Mapping!$M$1:$M$223,"SLM") -> SLM | T9343: REM
A9344: =_xlfn.XLOOKUP(B9344,'Component ID-Name'!B:B,'Component ID-Name'!A:A,"") | B9344: =M9344&"-"&O9344 -> - | C9344: =_xlfn.XLOOKUP(L9344,Mapping!$D$1:$D$11,Mapping!$A$1:$A$11) -> #N/A | D9344: =_xlfn.XLOOKUP($L9344,Mapping!$D$1:$D$11,Mapping!$B$1:$B$11) -> #N/A | E9344: =_xlfn.XLOOKUP($L9344,Mapping!$D$1:$D$11,Mapping!$C$1:$C$11) -> #N/A | F9344: Material Claiming | G9344: =_xlfn.XLOOKUP(M9344,Mapping!$S$1:$S$177,Mapping!$U$1:$U$177,"AUX") -> 0 | J9344: =_xlfn.XLOOKUP(H9344,Mapping!$F$1:$F$175,Mapping!$G$1:$G$175) -> #N/A | N9344: =_xlfn.XLOOKUP(M9344,Mapping!P:P,Mapping!Q:Q) -> 0 | Q9344: =_xlfn.XLOOKUP(M9344,Mapping!$K$1:$K$223,Mapping!$M$1:$M$223,"SLM") -> SLM | T9344: REM
A9345: =_xlfn.XLOOKUP(B9345,'Component ID-Name'!B:B,'Component ID-Name'!A:A,"") | B9345: =M9345&"-"&O9345 -> - | C9345: =_xlfn.XLOOKUP(L9345,Mapping!$D$1:$D$11,Mapping!$A$1:$A$11) -> #N/A | D9345: =_xlfn.XLOOKUP($L9345,Mapping!$D$1:$D$11,Mapping!$B$1:$B$11) -> #N/A | E9345: =_xlfn.XLOOKUP($L9345,Mapping!$D$1:$D$11,Mapping!$C$1:$C$11) -> #N/A | F9345: Material Claiming | G9345: =_xlfn.XLOOKUP(M9345,Mapping!$S$1:$S$177,Mapping!$U$1:$U$177,"AUX") -> 0 | J9345: =_xlfn.XLOOKUP(H9345,Mapping!$F$1:$F$175,Mapping!$G$1:$G$175) -> #N/A | N9345: =_xlfn.XLOOKUP(M9345,Mapping!P:P,Mapping!Q:Q) -> 0 | Q9345: =_xlfn.XLOOKUP(M9345,Mapping!$K$1:$K$223,Mapping!$M$1:$M$223,"SLM") -> SLM | T9345: REM
A9346: =_xlfn.XLOOKUP(B9346,'Component ID-Name'!B:B,'Component ID-Name'!A:A,"") | B9346: =M9346&"-"&O9346 -> - | C9346: =_xlfn.XLOOKUP(L9346,Mapping!$D$1:$D$11,Mapping!$A$1:$A$11) -> #N/A | D9346: =_xlfn.XLOOKUP($L9346,Mapping!$D$1:$D$11,Mapping!$B$1:$B$11) -> #N/A | E9346: =_xlfn.XLOOKUP($L9346,Mapping!$D$1:$D$11,Mapping!$C$1:$C$11) -> #N/A | F9346: Material Claiming | G9346: =_xlfn.XLOOKUP(M9346,Mapping!$S$1:$S$177,Mapping!$U$1:$U$177,"AUX") -> 0 | J9346: =_xlfn.XLOOKUP(H9346,Mapping!$F$1:$F$175,Mapping!$G$1:$G$175) -> #N/A | N9346: =_xlfn.XLOOKUP(M9346,Mapping!P:P,Mapping!Q:Q) -> 0 | Q9346: =_xlfn.XLOOKUP(M9346,Mapping!$K$1:$K$223,Mapping!$M$1:$M$223,"SLM") -> SLM | T9346: REM
A9347: =_xlfn.XLOOKUP(B9347,'Component ID-Name'!B:B,'Component ID-Name'!A:A,"") | B9347: =M9347&"-"&O9347 -> - | C9347: =_xlfn.XLOOKUP(L9347,Mapping!$D$1:$D$11,Mapping!$A$1:$A$11) -> #N/A | D9347: =_xlfn.XLOOKUP($L9347,Mapping!$D$1:$D$11,Mapping!$B$1:$B$11) -> #N/A | E9347: =_xlfn.XLOOKUP($L9347,Mapping!$D$1:$D$11,Mapping!$C$1:$C$11) -> #N/A | F9347: Material Claiming | G9347: =_xlfn.XLOOKUP(M9347,Mapping!$S$1:$S$177,Mapping!$U$1:$U$177,"AUX") -> 0 | J9347: =_xlfn.XLOOKUP(H9347,Mapping!$F$1:$F$175,Mapping!$G$1:$G$175) -> #N/A | N9347: =_xlfn.XLOOKUP(M9347,Mapping!P:P,Mapping!Q:Q) -> 0 | Q9347: =_xlfn.XLOOKUP(M9347,Mapping!$K$1:$K$223,Mapping!$M$1:$M$223,"SLM") -> SLM | T9347: REM
A9348: =_xlfn.XLOOKUP(B9348,'Component ID-Name'!B:B,'Component ID-Name'!A:A,"") | B9348: =M9348&"-"&O9348 -> - | C9348: =_xlfn.XLOOKUP(L9348,Mapping!$D$1:$D$11,Mapping!$A$1:$A$11) -> #N/A | D9348: =_xlfn.XLOOKUP($L9348,Mapping!$D$1:$D$11,Mapping!$B$1:$B$11) -> #N/A | E9348: =_xlfn.XLOOKUP($L9348,Mapping!$D$1:$D$11,Mapping!$C$1:$C$11) -> #N/A | F9348: Material Claiming | G9348: =_xlfn.XLOOKUP(M9348,Mapping!$S$1:$S$177,Mapping!$U$1:$U$177,"AUX") -> 0 | J9348: =_xlfn.XLOOKUP(H9348,Mapping!$F$1:$F$175,Mapping!$G$1:$G$175) -> #N/A | N9348: =_xlfn.XLOOKUP(M9348,Mapping!P:P,Mapping!Q:Q) -> 0 | Q9348: =_xlfn.XLOOKUP(M9348,Mapping!$K$1:$K$223,Mapping!$M$1:$M$223,"SLM") -> SLM | T9348: REM
A9349: =_xlfn.XLOOKUP(B9349,'Component ID-Name'!B:B,'Component ID-Name'!A:A,"") | B9349: =M9349&"-"&O9349 -> - | C9349: =_xlfn.XLOOKUP(L9349,Mapping!$D$1:$D$11,Mapping!$A$1:$A$11) -> #N/A | D9349: =_xlfn.XLOOKUP($L9349,Mapping!$D$1:$D$11,Mapping!$B$1:$B$11) -> #N/A | E9349: =_xlfn.XLOOKUP($L9349,Mapping!$D$1:$D$11,Mapping!$C$1:$C$11) -> #N/A | F9349: Material Claiming | G9349: =_xlfn.XLOOKUP(M9349,Mapping!$S$1:$S$177,Mapping!$U$1:$U$177,"AUX") -> 0 | J9349: =_xlfn.XLOOKUP(H9349,Mapping!$F$1:$F$175,Mapping!$G$1:$G$175) -> #N/A | N9349: =_xlfn.XLOOKUP(M9349,Mapping!P:P,Mapping!Q:Q) -> 0 | Q9349: =_xlfn.XLOOKUP(M9349,Mapping!$K$1:$K$223,Mapping!$M$1:$M$223,"SLM") -> SLM | T9349: REM
A9350: =_xlfn.XLOOKUP(B9350,'Component ID-Name'!B:B,'Component ID-Name'!A:A,"") | B9350: =M9350&"-"&O9350 -> - | C9350: =_xlfn.XLOOKUP(L9350,Mapping!$D$1:$D$11,Mapping!$A$1:$A$11) -> #N/A | D9350: =_xlfn.XLOOKUP($L9350,Mapping!$D$1:$D$11,Mapping!$B$1:$B$11) -> #N/A | E9350: =_xlfn.XLOOKUP($L9350,Mapping!$D$1:$D$11,Mapping!$C$1:$C$11) -> #N/A | F9350: Material Claiming | G9350: =_xlfn.XLOOKUP(M9350,Mapping!$S$1:$S$177,Mapping!$U$1:$U$177,"AUX") -> 0 | J9350: =_xlfn.XLOOKUP(H9350,Mapping!$F$1:$F$175,Mapping!$G$1:$G$175) -> #N/A | N9350: =_xlfn.XLOOKUP(M9350,Mapping!P:P,Mapping!Q:Q) -> 0 | Q9350: =_xlfn.XLOOKUP(M9350,Mapping!$K$1:$K$223,Mapping!$M$1:$M$223,"SLM") -> SLM | T9350: REM
A9351: =_xlfn.XLOOKUP(B9351,'Component ID-Name'!B:B,'Component ID-Name'!A:A,"") | B9351: =M9351&"-"&O9351 -> - | C9351: =_xlfn.XLOOKUP(L9351,Mapping!$D$1:$D$11,Mapping!$A$1:$A$11) -> #N/A | D9351: =_xlfn.XLOOKUP($L9351,Mapping!$D$1:$D$11,Mapping!$B$1:$B$11) -> #N/A | E9351: =_xlfn.XLOOKUP($L9351,Mapping!$D$1:$D$11,Mapping!$C$1:$C$11) -> #N/A | F9351: Material Claiming | G9351: =_xlfn.XLOOKUP(M9351,Mapping!$S$1:$S$177,Mapping!$U$1:$U$177,"AUX") -> 0 | J9351: =_xlfn.XLOOKUP(H9351,Mapping!$F$1:$F$175,Mapping!$G$1:$G$175) -> #N/A | N9351: =_xlfn.XLOOKUP(M9351,Mapping!P:P,Mapping!Q:Q) -> 0 | Q9351: =_xlfn.XLOOKUP(M9351,Mapping!$K$1:$K$223,Mapping!$M$1:$M$223,"SLM") -> SLM | T9351: REM
... A9408: =_xlfn.XLOOKUP(B9408,'Component ID-Name'!B:B,'Component ID-Name'!A:A,"") | B9408: =M9408&"-"&O9408 -> - | C9408: =_xlfn.XLOOKUP(L9408,Mapping!$D$1:$D$11,Mapping!$A$1:$A$11) -> #N/A | D9408: =_xlfn.XLOOKUP($L9408,Mapping!$D$1:$D$11,Mapping!$B$1:$B$11) -> #N/A | E9408: =_xlfn.XLOOKUP($L9408,Mapping!$D$1:$D$11,Mapping!$C$1:$C$11) -> #N/A | F9408: Material Claiming | G9408: =_xlfn.XLOOKUP(M9408,Mapping!$S$1:$S$177,Mapping!$U$1:$U$177,"AUX") -> 0 | J9408: =_xlfn.XLOOKUP(H9408,Mapping!$F$1:$F$175,Mapping!$G$1:$G$175) -> #N/A | N9408: =_xlfn.XLOOKUP(M9408,Mapping!P:P,Mapping!Q:Q) -> 0 | Q9408: =_xlfn.XLOOKUP(M9408,Mapping!$K$1:$K$223,Mapping!$M$1:$M$223,"SLM") -> SLM | T9408: REM
B9409: =M9409&"-"&O9409 -> - | C9409: =_xlfn.XLOOKUP(L9409,Mapping!$D$1:$D$11,Mapping!$A$1:$A$11) -> #N/A | D9409: =_xlfn.XLOOKUP($L9409,Mapping!$D$1:$D$11,Mapping!$B$1:$B$11) -> #N/A | E9409: =_xlfn.XLOOKUP($L9409,Mapping!$D$1:$D$11,Mapping!$C$1:$C$11) -> #N/A | F9409: Material Claiming | G9409: =_xlfn.XLOOKUP(M9409,Mapping!$S$1:$S$177,Mapping!$U$1:$U$177,"AUX") -> 0 | J9409: =_xlfn.XLOOKUP(H9409,Mapping!$F$1:$F$175,Mapping!$G$1:$G$175) -> #N/A | N9409: =_xlfn.XLOOKUP(M9409,Mapping!P:P,Mapping!Q:Q) -> 0 | Q9409: =_xlfn.XLOOKUP(M9409,Mapping!$K$1:$K$223,Mapping!$M$1:$M$223,"SLM") -> SLM | T9409: REM
A9410: =_xlfn.XLOOKUP(B9410,'Component ID-Name'!B:B,'Component ID-Name'!A:A,"") | B9410: =M9410&"-"&O9410 -> - | C9410: =_xlfn.XLOOKUP(L9410,Mapping!$D$1:$D$11,Mapping!$A$1:$A$11) -> #N/A | D9410: =_xlfn.XLOOKUP($L9410,Mapping!$D$1:$D$11,Mapping!$B$1:$B$11) -> #N/A | E9410: =_xlfn.XLOOKUP($L9410,Mapping!$D$1:$D$11,Mapping!$C$1:$C$11) -> #N/A | F9410: Material Claiming | G9410: =_xlfn.XLOOKUP(M9410,Mapping!$S$1:$S$177,Mapping!$U$1:$U$177,"AUX") -> 0 | J9410: =_xlfn.XLOOKUP(H9410,Mapping!$F$1:$F$175,Mapping!$G$1:$G$175) -> #N/A | N9410: =_xlfn.XLOOKUP(M9410,Mapping!P:P,Mapping!Q:Q) -> 0 | Q9410: =_xlfn.XLOOKUP(M9410,Mapping!$K$1:$K$223,Mapping!$M$1:$M$223,"SLM") -> SLM | T9410: REM
A9411: =_xlfn.XLOOKUP(B9411,'Component ID-Name'!B:B,'Component ID-Name'!A:A,"") | B9411: =M9411&"-"&O9411 -> - | C9411: =_xlfn.XLOOKUP(L9411,Mapping!$D$1:$D$11,Mapping!$A$1:$A$11) -> #N/A | D9411: =_xlfn.XLOOKUP($L9411,Mapping!$D$1:$D$11,Mapping!$B$1:$B$11) -> #N/A | E9411: =_xlfn.XLOOKUP($L9411,Mapping!$D$1:$D$11,Mapping!$C$1:$C$11) -> #N/A | F9411: Material Claiming | G9411: =_xlfn.XLOOKUP(M9411,Mapping!$S$1:$S$177,Mapping!$U$1:$U$177,"AUX") -> 0 | J9411: =_xlfn.XLOOKUP(H9411,Mapping!$F$1:$F$175,Mapping!$G$1:$G$175) -> #N/A | N9411: =_xlfn.XLOOKUP(M9411,Mapping!P:P,Mapping!Q:Q) -> 0 | Q9411: =_xlfn.XLOOKUP(M9411,Mapping!$K$1:$K$223,Mapping!$M$1:$M$223,"SLM") -> SLM | T9411: REM
A9412: =_xlfn.XLOOKUP(B9412,'Component ID-Name'!B:B,'Component ID-Name'!A:A,"") | B9412: =M9412&"-"&O9412 -> - | C9412: =_xlfn.XLOOKUP(L9412,Mapping!$D$1:$D$11,Mapping!$A$1:$A$11) -> #N/A | D9412: =_xlfn.XLOOKUP($L9412,Mapping!$D$1:$D$11,Mapping!$B$1:$B$11) -> #N/A | E9412: =_xlfn.XLOOKUP($L9412,Mapping!$D$1:$D$11,Mapping!$C$1:$C$11) -> #N/A | F9412: Material Claiming | G9412: =_xlfn.XLOOKUP(M9412,Mapping!$S$1:$S$177,Mapping!$U$1:$U$177,"AUX") -> 0 | J9412: =_xlfn.XLOOKUP(H9412,Mapping!$F$1:$F$175,Mapping!$G$1:$G$175) -> #N/A | N9412: =_xlfn.XLOOKUP(M9412,Mapping!P:P,Mapping!Q:Q) -> 0 | Q9412: =_xlfn.XLOOKUP(M9412,Mapping!$K$1:$K$223,Mapping!$M$1:$M$223,"SLM") -> SLM | T9412: REM
A9413: =_xlfn.XLOOKUP(B9413,'Component ID-Name'!B:B,'Component ID-Name'!A:A,"") | B9413: =M9413&"-"&O9413 -> - | C9413: =_xlfn.XLOOKUP(L9413,Mapping!$D$1:$D$11,Mapping!$A$1:$A$11) -> #N/A | D9413: =_xlfn.XLOOKUP($L9413,Mapping!$D$1:$D$11,Mapping!$B$1:$B$11) -> #N/A | E9413: =_xlfn.XLOOKUP($L9413,Mapping!$D$1:$D$11,Mapping!$C$1:$C$11) -> #N/A | F9413: Material Claiming | G9413: =_xlfn.XLOOKUP(M9413,Mapping!$S$1:$S$177,Mapping!$U$1:$U$177,"AUX") -> 0 | J9413: =_xlfn.XLOOKUP(H9413,Mapping!$F$1:$F$175,Mapping!$G$1:$G$175) -> #N/A | N9413: =_xlfn.XLOOKUP(M9413,Mapping!P:P,Mapping!Q:Q) -> 0 | Q9413: =_xlfn.XLOOKUP(M9413,Mapping!$K$1:$K$223,Mapping!$M$1:$M$223,"SLM") -> SLM | T9413: REM
A9414: =_xlfn.XLOOKUP(B9414,'Component ID-Name'!B:B,'Component ID-Name'!A:A,"") | B9414: =M9414&"-"&O9414 -> - | C9414: =_xlfn.XLOOKUP(L9414,Mapping!$D$1:$D$11,Mapping!$A$1:$A$11) -> #N/A | D9414: =_xlfn.XLOOKUP($L9414,Mapping!$D$1:$D$11,Mapping!$B$1:$B$11) -> #N/A | E9414: =_xlfn.XLOOKUP($L9414,Mapping!$D$1:$D$11,Mapping!$C$1:$C$11) -> #N/A | F9414: Material Claiming | G9414: =_xlfn.XLOOKUP(M9414,Mapping!$S$1:$S$177,Mapping!$U$1:$U$177,"AUX") -> 0 | J9414: =_xlfn.XLOOKUP(H9414,Mapping!$F$1:$F$175,Mapping!$G$1:$G$175) -> #N/A | N9414: =_xlfn.XLOOKUP(M9414,Mapping!P:P,Mapping!Q:Q) -> 0 | Q9414: =_xlfn.XLOOKUP(M9414,Mapping!$K$1:$K$223,Mapping!$M$1:$M$223,"SLM") -> SLM | T9414: REM
A9415: =_xlfn.XLOOKUP(B9415,'Component ID-Name'!B:B,'Component ID-Name'!A:A,"") | B9415: =M9415&"-"&O9415 -> - | C9415: =_xlfn.XLOOKUP(L9415,Mapping!$D$1:$D$11,Mapping!$A$1:$A$11) -> #N/A | D9415: =_xlfn.XLOOKUP($L9415,Mapping!$D$1:$D$11,Mapping!$B$1:$B$11) -> #N/A | E9415: =_xlfn.XLOOKUP($L9415,Mapping!$D$1:$D$11,Mapping!$C$1:$C$11) -> #N/A | F9415: Material Claiming | G9415: =_xlfn.XLOOKUP(M9415,Mapping!$S$1:$S$177,Mapping!$U$1:$U$177,"AUX") -> 0 | J9415: =_xlfn.XLOOKUP(H9415,Mapping!$F$1:$F$175,Mapping!$G$1:$G$175) -> #N/A | N9415: =_xlfn.XLOOKUP(M9415,Mapping!P:P,Mapping!Q:Q) -> 0 | Q9415: =_xlfn.XLOOKUP(M9415,Mapping!$K$1:$K$223,Mapping!$M$1:$M$223,"SLM") -> SLM | T9415: REM
A9416: =_xlfn.XLOOKUP(B9416,'Component ID-Name'!B:B,'Component ID-Name'!A:A,"") | B9416: =M9416&"-"&O9416 -> - | C9416: =_xlfn.XLOOKUP(L9416,Mapping!$D$1:$D$11,Mapping!$A$1:$A$11) -> #N/A | D9416: =_xlfn.XLOOKUP($L9416,Mapping!$D$1:$D$11,Mapping!$B$1:$B$11) -> #N/A | E9416: =_xlfn.XLOOKUP($L9416,Mapping!$D$1:$D$11,Mapping!$C$1:$C$11) -> #N/A | F9416: Material Claiming | G9416: =_xlfn.XLOOKUP(M9416,Mapping!$S$1:$S$177,Mapping!$U$1:$U$177,"AUX") -> 0 | J9416: =_xlfn.XLOOKUP(H9416,Mapping!$F$1:$F$175,Mapping!$G$1:$G$175) -> #N/A | N9416: =_xlfn.XLOOKUP(M9416,Mapping!P:P,Mapping!Q:Q) -> 0 | Q9416: =_xlfn.XLOOKUP(M9416,Mapping!$K$1:$K$223,Mapping!$M$1:$M$223,"SLM") -> SLM | T9416: REM
A9417: =_xlfn.XLOOKUP(B9417,'Component ID-Name'!B:B,'Component ID-Name'!A:A,"") | B9417: =M9417&"-"&O9417 -> - | C9417: =_xlfn.XLOOKUP(L9417,Mapping!$D$1:$D$11,Mapping!$A$1:$A$11) -> #N/A | D9417: =_xlfn.XLOOKUP($L9417,Mapping!$D$1:$D$11,Mapping!$B$1:$B$11) -> #N/A | E9417: =_xlfn.XLOOKUP($L9417,Mapping!$D$1:$D$11,Mapping!$C$1:$C$11) -> #N/A | F9417: Material Claiming | G9417: =_xlfn.XLOOKUP(M9417,Mapping!$S$1:$S$177,Mapping!$U$1:$U$177,"AUX") -> 0 | J9417: =_xlfn.XLOOKUP(H9417,Mapping!$F$1:$F$175,Mapping!$G$1:$G$175) -> #N/A | N9417: =_xlfn.XLOOKUP(M9417,Mapping!P:P,Mapping!Q:Q) -> 0 | Q9417: =_xlfn.XLOOKUP(M9417,Mapping!$K$1:$K$223,Mapping!$M$1:$M$223,"SLM") -> SLM | T9417: REM
A9418: =_xlfn.XLOOKUP(B9418,'Component ID-Name'!B:B,'Component ID-Name'!A:A,"") | B9418: =M9418&"-"&O9418 -> - | C9418: =_xlfn.XLOOKUP(L9418,Mapping!$D$1:$D$11,Mapping!$A$1:$A$11) -> #N/A | D9418: =_xlfn.XLOOKUP($L9418,Mapping!$D$1:$D$11,Mapping!$B$1:$B$11) -> #N/A | E9418: =_xlfn.XLOOKUP($L9418,Mapping!$D$1:$D$11,Mapping!$C$1:$C$11) -> #N/A | F9418: Material Claiming | G9418: =_xlfn.XLOOKUP(M9418,Mapping!$S$1:$S$177,Mapping!$U$1:$U$177,"AUX") -> 0 | J9418: =_xlfn.XLOOKUP(H9418,Mapping!$F$1:$F$175,Mapping!$G$1:$G$175) -> #N/A | N9418: =_xlfn.XLOOKUP(M9418,Mapping!P:P,Mapping!Q:Q) -> 0 | Q9418: =_xlfn.XLOOKUP(M9418,Mapping!$K$1:$K$223,Mapping!$M$1:$M$223,"SLM") -> SLM | T9418: REM
A9419: =_xlfn.XLOOKUP(B9419,'Component ID-Name'!B:B,'Component ID-Name'!A:A,"") | B9419: =M9419&"-"&O9419 -> - | C9419: =_xlfn.XLOOKUP(L9419,Mapping!$D$1:$D$11,Mapping!$A$1:$A$11) -> #N/A | D9419: =_xlfn.XLOOKUP($L9419,Mapping!$D$1:$D$11,Mapping!$B$1:$B$11) -> #N/A | E9419: =_xlfn.XLOOKUP($L9419,Mapping!$D$1:$D$11,Mapping!$C$1:$C$11) -> #N/A | F9419: Material Claiming | G9419: =_xlfn.XLOOKUP(M9419,Mapping!$S$1:$S$177,Mapping!$U$1:$U$177,"AUX") -> 0 | J9419: =_xlfn.XLOOKUP(H9419,Mapping!$F$1:$F$175,Mapping!$G$1:$G$175) -> #N/A | N9419: =_xlfn.XLOOKUP(M9419,Mapping!P:P,Mapping!Q:Q) -> 0 | Q9419: =_xlfn.XLOOKUP(M9419,Mapping!$K$1:$K$223,Mapping!$M$1:$M$223,"SLM") -> SLM | T9419: REM
A9420: =_xlfn.XLOOKUP(B9420,'Component ID-Name'!B:B,'Component ID-Name'!A:A,"") | B9420: =M9420&"-"&O9420 -> - | C9420: =_xlfn.XLOOKUP(L9420,Mapping!$D$1:$D$11,Mapping!$A$1:$A$11) -> #N/A | D9420: =_xlfn.XLOOKUP($L9420,Mapping!$D$1:$D$11,Mapping!$B$1:$B$11) -> #N/A | E9420: =_xlfn.XLOOKUP($L9420,Mapping!$D$1:$D$11,Mapping!$C$1:$C$11) -> #N/A | F9420: Material Claiming | G9420: =_xlfn.XLOOKUP(M9420,Mapping!$S$1:$S$177,Mapping!$U$1:$U$177,"AUX") -> 0 | J9420: =_xlfn.XLOOKUP(H9420,Mapping!$F$1:$F$175,Mapping!$G$1:$G$175) -> #N/A | N9420: =_xlfn.XLOOKUP(M9420,Mapping!P:P,Mapping!Q:Q) -> 0 | Q9420: =_xlfn.XLOOKUP(M9420,Mapping!$K$1:$K$223,Mapping!$M$1:$M$223,"SLM") -> SLM | T9420: REM
A9421: =_xlfn.XLOOKUP(B9421,'Component ID-Name'!B:B,'Component ID-Name'!A:A,"") | B9421: =M9421&"-"&O9421 -> - | C9421: =_xlfn.XLOOKUP(L9421,Mapping!$D$1:$D$11,Mapping!$A$1:$A$11) -> #N/A | D9421: =_xlfn.XLOOKUP($L9421,Mapping!$D$1:$D$11,Mapping!$B$1:$B$11) -> #N/A | E9421: =_xlfn.XLOOKUP($L9421,Mapping!$D$1:$D$11,Mapping!$C$1:$C$11) -> #N/A | F9421: Material Claiming | G9421: =_xlfn.XLOOKUP(M9421,Mapping!$S$1:$S$177,Mapping!$U$1:$U$177,"AUX") -> 0 | J9421: =_xlfn.XLOOKUP(H9421,Mapping!$F$1:$F$175,Mapping!$G$1:$G$175) -> #N/A | N9421: =_xlfn.XLOOKUP(M9421,Mapping!P:P,Mapping!Q:Q) -> 0 | Q9421: =_xlfn.XLOOKUP(M9421,Mapping!$K$1:$K$223,Mapping!$M$1:$M$223,"SLM") -> SLM | T9421: REM
B9422: =M9422&"-"&O9422 -> - | C9422: =_xlfn.XLOOKUP(L9422,Mapping!$D$1:$D$11,Mapping!$A$1:$A$11) -> #N/A | D9422: =_xlfn.XLOOKUP($L9422,Mapping!$D$1:$D$11,Mapping!$B$1:$B$11) -> #N/A | E9422: =_xlfn.XLOOKUP($L9422,Mapping!$D$1:$D$11,Mapping!$C$1:$C$11) -> #N/A | F9422: Material Claiming | G9422: =_xlfn.XLOOKUP(M9422,Mapping!$S$1:$S$177,Mapping!$U$1:$U$177,"AUX") -> 0 | J9422: =_xlfn.XLOOKUP(H9422,Mapping!$F$1:$F$175,Mapping!$G$1:$G$175) -> #N/A | N9422: =_xlfn.XLOOKUP(M9422,Mapping!P:P,Mapping!Q:Q) -> 0 | Q9422: =_xlfn.XLOOKUP(M9422,Mapping!$K$1:$K$223,Mapping!$M$1:$M$223,"SLM") -> SLM | T9422: REM
A9423: =_xlfn.XLOOKUP(B9423,'Component ID-Name'!B:B,'Component ID-Name'!A:A,"") | B9423: =M9423&"-"&O9423 -> - | C9423: =_xlfn.XLOOKUP(L9423,Mapping!$D$1:$D$11,Mapping!$A$1:$A$11) -> #N/A | D9423: =_xlfn.XLOOKUP($L9423,Mapping!$D$1:$D$11,Mapping!$B$1:$B$11) -> #N/A | E9423: =_xlfn.XLOOKUP($L9423,Mapping!$D$1:$D$11,Mapping!$C$1:$C$11) -> #N/A | F9423: Material Claiming | G9423: =_xlfn.XLOOKUP(M9423,Mapping!$S$1:$S$177,Mapping!$U$1:$U$177,"AUX") -> 0 | J9423: =_xlfn.XLOOKUP(H9423,Mapping!$F$1:$F$175,Mapping!$G$1:$G$175) -> #N/A | N9423: =_xlfn.XLOOKUP(M9423,Mapping!P:P,Mapping!Q:Q) -> 0 | Q9423: =_xlfn.XLOOKUP(M9423,Mapping!$K$1:$K$223,Mapping!$M$1:$M$223,"SLM") -> SLM | T9423: REM
A9424: =_xlfn.XLOOKUP(B9424,'Component ID-Name'!B:B,'Component ID-Name'!A:A,"") | B9424: =M9424&"-"&O9424 -> - | C9424: =_xlfn.XLOOKUP(L9424,Mapping!$D$1:$D$11,Mapping!$A$1:$A$11) -> #N/A | D9424: =_xlfn.XLOOKUP($L9424,Mapping!$D$1:$D$11,Mapping!$B$1:$B$11) -> #N/A | E9424: =_xlfn.XLOOKUP($L9424,Mapping!$D$1:$D$11,Mapping!$C$1:$C$11) -> #N/A | F9424: Material Claiming | G9424: =_xlfn.XLOOKUP(M9424,Mapping!$S$1:$S$177,Mapping!$U$1:$U$177,"AUX") -> 0 | J9424: =_xlfn.XLOOKUP(H9424,Mapping!$F$1:$F$175,Mapping!$G$1:$G$175) -> #N/A | N9424: =_xlfn.XLOOKUP(M9424,Mapping!P:P,Mapping!Q:Q) -> 0 | Q9424: =_xlfn.XLOOKUP(M9424,Mapping!$K$1:$K$223,Mapping!$M$1:$M$223,"SLM") -> SLM | T9424: REM
A9425: =_xlfn.XLOOKUP(B9425,'Component ID-Name'!B:B,'Component ID-Name'!A:A,"") | B9425: =M9425&"-"&O9425 -> - | C9425: =_xlfn.XLOOKUP(L9425,Mapping!$D$1:$D$11,Mapping!$A$1:$A$11) -> #N/A | D9425: =_xlfn.XLOOKUP($L9425,Mapping!$D$1:$D$11,Mapping!$B$1:$B$11) -> #N/A | E9425: =_xlfn.XLOOKUP($L9425,Mapping!$D$1:$D$11,Mapping!$C$1:$C$11) -> #N/A | F9425: Material Claiming | G9425: =_xlfn.XLOOKUP(M9425,Mapping!$S$1:$S$177,Mapping!$U$1:$U$177,"AUX") -> 0 | J9425: =_xlfn.XLOOKUP(H9425,Mapping!$F$1:$F$175,Mapping!$G$1:$G$175) -> #N/A | N9425: =_xlfn.XLOOKUP(M9425,Mapping!P:P,Mapping!Q:Q) -> 0 | Q9425: =_xlfn.XLOOKUP(M9425,Mapping!$K$1:$K$223,Mapping!$M$1:$M$223,"SLM") -> SLM | T9425: REM
A9426: =_xlfn.XLOOKUP(B9426,'Component ID-Name'!B:B,'Component ID-Name'!A:A,"") | B9426: =M9426&"-"&O9426 -> - | C9426: =_xlfn.XLOOKUP(L9426,Mapping!$D$1:$D$11,Mapping!$A$1:$A$11) -> #N/A | D9426: =_xlfn.XLOOKUP($L9426,Mapping!$D$1:$D$11,Mapping!$B$1:$B$11) -> #N/A | E9426: =_xlfn.XLOOKUP($L9426,Mapping!$D$1:$D$11,Mapping!$C$1:$C$11) -> #N/A | F9426: Material Claiming | G9426: =_xlfn.XLOOKUP(M9426,Mapping!$S$1:$S$177,Mapping!$U$1:$U$177,"AUX") -> 0 | J9426: =_xlfn.XLOOKUP(H9426,Mapping!$F$1:$F$175,Mapping!$G$1:$G$175) -> #N/A | N9426: =_xlfn.XLOOKUP(M9426,Mapping!P:P,Mapping!Q:Q) -> 0 | Q9426: =_xlfn.XLOOKUP(M9426,Mapping!$K$1:$K$223,Mapping!$M$1:$M$223,"SLM") -> SLM | T9426: REM
A9427: =_xlfn.XLOOKUP(B9427,'Component ID-Name'!B:B,'Component ID-Name'!A:A,"") | B9427: =M9427&"-"&O9427 -> - | C9427: =_xlfn.XLOOKUP(L9427,Mapping!$D$1:$D$11,Mapping!$A$1:$A$11) -> #N/A | D9427: =_xlfn.XLOOKUP($L9427,Mapping!$D$1:$D$11,Mapping!$B$1:$B$11) -> #N/A | E9427: =_xlfn.XLOOKUP($L9427,Mapping!$D$1:$D$11,Mapping!$C$1:$C$11) -> #N/A | F9427: Material Claiming | G9427: =_xlfn.XLOOKUP(M9427,Mapping!$S$1:$S$177,Mapping!$U$1:$U$177,"AUX") -> 0 | J9427: =_xlfn.XLOOKUP(H9427,Mapping!$F$1:$F$175,Mapping!$G$1:$G$175) -> #N/A | N9427: =_xlfn.XLOOKUP(M9427,Mapping!P:P,Mapping!Q:Q) -> 0 | Q9427: =_xlfn.XLOOKUP(M9427,Mapping!$K$1:$K$223,Mapping!$M$1:$M$223,"SLM") -> SLM | T9427: REM
A9428: =_xlfn.XLOOKUP(B9428,'Component ID-Name'!B:B,'Component ID-Name'!A:A,"") | B9428: =M9428&"-"&O9428 -> - | C9428: =_xlfn.XLOOKUP(L9428,Mapping!$D$1:$D$11,Mapping!$A$1:$A$11) -> #N/A | D9428: =_xlfn.XLOOKUP($L9428,Mapping!$D$1:$D$11,Mapping!$B$1:$B$11) -> #N/A | E9428: =_xlfn.XLOOKUP($L9428,Mapping!$D$1:$D$11,Mapping!$C$1:$C$11) -> #N/A | F9428: Material Claiming | G9428: =_xlfn.XLOOKUP(M9428,Mapping!$S$1:$S$177,Mapping!$U$1:$U$177,"AUX") -> 0 | J9428: =_xlfn.XLOOKUP(H9428,Mapping!$F$1:$F$175,Mapping!$G$1:$G$175) -> #N/A | N9428: =_xlfn.XLOOKUP(M9428,Mapping!P:P,Mapping!Q:Q) -> 0 | Q9428: =_xlfn.XLOOKUP(M9428,Mapping!$K$1:$K$223,Mapping!$M$1:$M$223,"SLM") -> SLM | T9428: REM
A9429: =_xlfn.XLOOKUP(B9429,'Component ID-Name'!B:B,'Component ID-Name'!A:A,"") | B9429: =M9429&"-"&O9429 -> - | C9429: =_xlfn.XLOOKUP(L9429,Mapping!$D$1:$D$11,Mapping!$A$1:$A$11) -> #N/A | D9429: =_xlfn.XLOOKUP($L9429,Mapping!$D$1:$D$11,Mapping!$B$1:$B$11) -> #N/A | E9429: =_xlfn.XLOOKUP($L9429,Mapping!$D$1:$D$11,Mapping!$C$1:$C$11) -> #N/A | F9429: Material Claiming | G9429: =_xlfn.XLOOKUP(M9429,Mapping!$S$1:$S$177,Mapping!$U$1:$U$177,"AUX") -> 0 | J9429: =_xlfn.XLOOKUP(H9429,Mapping!$F$1:$F$175,Mapping!$G$1:$G$175) -> #N/A | N9429: =_xlfn.XLOOKUP(M9429,Mapping!P:P,Mapping!Q:Q) -> 0 | Q9429: =_xlfn.XLOOKUP(M9429,Mapping!$K$1:$K$223,Mapping!$M$1:$M$223,"SLM") -> SLM | T9429: REM
A9430: =_xlfn.XLOOKUP(B9430,'Component ID-Name'!B:B,'Component ID-Name'!A:A,"") | B9430: =M9430&"-"&O9430 -> - | C9430: =_xlfn.XLOOKUP(L9430,Mapping!$D$1:$D$11,Mapping!$A$1:$A$11) -> #N/A | D9430: =_xlfn.XLOOKUP($L9430,Mapping!$D$1:$D$11,Mapping!$B$1:$B$11) -> #N/A | E9430: =_xlfn.XLOOKUP($L9430,Mapping!$D$1:$D$11,Mapping!$C$1:$C$11) -> #N/A | F9430: Material Claiming | G9430: =_xlfn.XLOOKUP(M9430,Mapping!$S$1:$S$177,Mapping!$U$1:$U$177,"AUX") -> 0 | J9430: =_xlfn.XLOOKUP(H9430,Mapping!$F$1:$F$175,Mapping!$G$1:$G$175) -> #N/A | N9430: =_xlfn.XLOOKUP(M9430,Mapping!P:P,Mapping!Q:Q) -> 0 | Q9430: =_xlfn.XLOOKUP(M9430,Mapping!$K$1:$K$223,Mapping!$M$1:$M$223,"SLM") -> SLM | T9430: REM
A9431: =_xlfn.XLOOKUP(B9431,'Component ID-Name'!B:B,'Component ID-Name'!A:A,"") | B9431: =M9431&"-"&O9431 -> - | C9431: =_xlfn.XLOOKUP(L9431,Mapping!$D$1:$D$11,Mapping!$A$1:$A$11) -> #N/A | D9431: =_xlfn.XLOOKUP($L9431,Mapping!$D$1:$D$11,Mapping!$B$1:$B$11) -> #N/A | E9431: =_xlfn.XLOOKUP($L9431,Mapping!$D$1:$D$11,Mapping!$C$1:$C$11) -> #N/A | F9431: Material Claiming | G9431: =_xlfn.XLOOKUP(M9431,Mapping!$S$1:$S$177,Mapping!$U$1:$U$177,"AUX") -> 0 | J9431: =_xlfn.XLOOKUP(H9431,Mapping!$F$1:$F$175,Mapping!$G$1:$G$175) -> #N/A | N9431: =_xlfn.XLOOKUP(M9431,Mapping!P:P,Mapping!Q:Q) -> 0 | Q9431: =_xlfn.XLOOKUP(M9431,Mapping!$K$1:$K$223,Mapping!$M$1:$M$223,"SLM") -> SLM | T9431: REM
A9432: =_xlfn.XLOOKUP(B9432,'Component ID-Name'!B:B,'Component ID-Name'!A:A,"") | B9432: =M9432&"-"&O9432 -> - | C9432: =_xlfn.XLOOKUP(L9432,Mapping!$D$1:$D$11,Mapping!$A$1:$A$11) -> #N/A | D9432: =_xlfn.XLOOKUP($L9432,Mapping!$D$1:$D$11,Mapping!$B$1:$B$11) -> #N/A | E9432: =_xlfn.XLOOKUP($L9432,Mapping!$D$1:$D$11,Mapping!$C$1:$C$11) -> #N/A | F9432: Material Claiming | G9432: =_xlfn.XLOOKUP(M9432,Mapping!$S$1:$S$177,Mapping!$U$1:$U$177,"AUX") -> 0 | J9432: =_xlfn.XLOOKUP(H9432,Mapping!$F$1:$F$175,Mapping!$G$1:$G$175) -> #N/A | N9432: =_xlfn.XLOOKUP(M9432,Mapping!P:P,Mapping!Q:Q) -> 0 | Q9432: =_xlfn.XLOOKUP(M9432,Mapping!$K$1:$K$223,Mapping!$M$1:$M$223,"SLM") -> SLM | T9432: REM
A9433: =_xlfn.XLOOKUP(B9433,'Component ID-Name'!B:B,'Component ID-Name'!A:A,"") | B9433: =M9433&"-"&O9433 -> - | C9433: =_xlfn.XLOOKUP(L9433,Mapping!$D$1:$D$11,Mapping!$A$1:$A$11) -> #N/A | D9433: =_xlfn.XLOOKUP($L9433,Mapping!$D$1:$D$11,Mapping!$B$1:$B$11) -> #N/A | E9433: =_xlfn.XLOOKUP($L9433,Mapping!$D$1:$D$11,Mapping!$C$1:$C$11) -> #N/A | F9433: Material Claiming | G9433: =_xlfn.XLOOKUP(M9433,Mapping!$S$1:$S$177,Mapping!$U$1:$U$177,"AUX") -> 0 | J9433: =_xlfn.XLOOKUP(H9433,Mapping!$F$1:$F$175,Mapping!$G$1:$G$175) -> #N/A | N9433: =_xlfn.XLOOKUP(M9433,Mapping!P:P,Mapping!Q:Q) -> 0 | Q9433: =_xlfn.XLOOKUP(M9433,Mapping!$K$1:$K$223,Mapping!$M$1:$M$223,"SLM") -> SLM | T9433: REM
A9434: =_xlfn.XLOOKUP(B9434,'Component ID-Name'!B:B,'Component ID-Name'!A:A,"") | B9434: =M9434&"-"&O9434 -> - | C9434: =_xlfn.XLOOKUP(L9434,Mapping!$D$1:$D$11,Mapping!$A$1:$A$11) -> #N/A | D9434: =_xlfn.XLOOKUP($L9434,Mapping!$D$1:$D$11,Mapping!$B$1:$B$11) -> #N/A | E9434: =_xlfn.XLOOKUP($L9434,Mapping!$D$1:$D$11,Mapping!$C$1:$C$11) -> #N/A | F9434: Material Claiming | G9434: =_xlfn.XLOOKUP(M9434,Mapping!$S$1:$S$177,Mapping!$U$1:$U$177,"AUX") -> 0 | J9434: =_xlfn.XLOOKUP(H9434,Mapping!$F$1:$F$175,Mapping!$G$1:$G$175) -> #N/A | N9434: =_xlfn.XLOOKUP(M9434,Mapping!P:P,Mapping!Q:Q) -> 0 | Q9434: =_xlfn.XLOOKUP(M9434,Mapping!$K$1:$K$223,Mapping!$M$1:$M$223,"SLM") -> SLM | T9434: REM
... A9508: =_xlfn.XLOOKUP(B9508,'Component ID-Name'!B:B,'Component ID-Name'!A:A,"") | B9508: =M9508&"-"&O9508 -> - | C9508: =_xlfn.XLOOKUP(L9508,Mapping!$D$1:$D$11,Mapping!$A$1:$A$11) -> #N/A | D9508: =_xlfn.XLOOKUP($L9508,Mapping!$D$1:$D$11,Mapping!$B$1:$B$11) -> #N/A | E9508: =_xlfn.XLOOKUP($L9508,Mapping!$D$1:$D$11,Mapping!$C$1:$C$11) -> #N/A | F9508: Material Claiming | G9508: =_xlfn.XLOOKUP(M9508,Mapping!$S$1:$S$177,Mapping!$U$1:$U$177,"AUX") -> 0 | J9508: =_xlfn.XLOOKUP(H9508,Mapping!$F$1:$F$175,Mapping!$G$1:$G$175) -> #N/A | N9508: =_xlfn.XLOOKUP(M9508,Mapping!P:P,Mapping!Q:Q) -> 0 | Q9508: =_xlfn.XLOOKUP(M9508,Mapping!$K$1:$K$223,Mapping!$M$1:$M$223,"SLM") -> SLM | T9508: REM
B9509: =M9509&"-"&O9509 -> - | C9509: =_xlfn.XLOOKUP(L9509,Mapping!$D$1:$D$11,Mapping!$A$1:$A$11) -> #N/A | D9509: =_xlfn.XLOOKUP($L9509,Mapping!$D$1:$D$11,Mapping!$B$1:$B$11) -> #N/A | E9509: =_xlfn.XLOOKUP($L9509,Mapping!$D$1:$D$11,Mapping!$C$1:$C$11) -> #N/A | F9509: Material Claiming | G9509: =_xlfn.XLOOKUP(M9509,Mapping!$S$1:$S$177,Mapping!$U$1:$U$177,"AUX") -> 0 | J9509: =_xlfn.XLOOKUP(H9509,Mapping!$F$1:$F$175,Mapping!$G$1:$G$175) -> #N/A | N9509: =_xlfn.XLOOKUP(M9509,Mapping!P:P,Mapping!Q:Q) -> 0 | Q9509: =_xlfn.XLOOKUP(M9509,Mapping!$K$1:$K$223,Mapping!$M$1:$M$223,"SLM") -> SLM | T9509: REM
...

Sheet Discipline or Commodity specifi
A1: Type | B1: Discipline/Commodity | C1: Discipline/Commodity specific attribute
A2: Discipline | B2: Aggregates and Paving | C2: Account Code Description
A3: Discipline | B3: Aggregates and Paving | C3: Account Code Number
A4: Discipline | B4: Aggregates and Paving | C4: Actual Quantity
A5: Discipline | B5: Aggregates and Paving | C5: Asphalt Design
A6: Discipline | B6: Aggregates and Paving | C6: Asphalt Mix
A7: Discipline | B7: Aggregates and Paving | C7: AUX 1
A8: Discipline | B8: Aggregates and Paving | C8: AUX 2
A9: Discipline | B9: Aggregates and Paving | C9: AUX 3
A10: Discipline | B10: Aggregates and Paving | C10: AUX 4
A11: Discipline | B11: Aggregates and Paving | C11: AUX 5
A12: Discipline | B12: Aggregates and Paving | C12: AUX 6
... A1632: Commodity | B1632: Valves | C1632: Tag Type

Sheet Component ID-Name
A1: Component Id | B1: Name
A2: Numeric | B2: Text
B3: 200
A4: 10961938 | B4: 0652248-7345566
A5: 10337388 | B5: 1000957-7367010
A6: 10337383 | B6: 1000958-7367010
A7: 10432983 | B7: 1001592-7011443
A8: 10328136 | B8: 1001592-7011445
A9: 10435899 | B9: 1001592-7061259
A10: 10336024 | B10: 1001592-7142247
A11: 10437515 | B11: 1001592-7153574
A12: 10338561 | B12: 1001592-7153749
A13: 10332428 | B13: 1001592-7159921
A14: 10436385 | B14: 1001592-7195720
A15: 10778605 | B15: 1001592-7195726
... A34017: 10339776 | B34017: VACSWITCH-7335354

Sheet Datasource

Sheet Mapping
A1: WBS | B1: Type | C1: Discipline/Commodity | D1: UofM | F1: WO # | G1: Workpackage ID | K1: SN | L1: Desciption | M1: PO | P1: S/N | Q1: Description | S1: SN | T1: Desciption | U1: PO
A2: 1116 | B2: Activity | C2: Electrical | D2: EA | F2: 7548745 | G2: 127748 | K2: 1008000 | L2: POLE, STEEL, 40FT, CLASS 2, DISTRIBUTION | M2: Bulk | P2: 1000957 | Q2: LUBE,PULLING,CABLE,WINTER GRADE,1 GALLON | S2: 1008000 | T2: POLE, STEEL, 40FT, CLASS 2, DISTRIBUTION | U2: STR
A3: 1007 | B3: Activity | C3: Electrical | D3: FT | F3: 7431863 | G3: 127747 | K3: 8006412 | L3: POLE, STEEL, 45FT, CLASS 1, DISTRIBUTION | M3: Bulk | P3: 1000958 | Q3: LUBE,PULLING,CBL,WINTER WEATHER,5 GAL | S3: 8006412 | T3: POLE, STEEL, 45FT, CLASS 1, DISTRIBUTION | U3: STR
A4: 1009 | B4: Activity | C4: Electrical | D4: KAN | F4: 7427596 | G4: 127746 | K4: 8006413 | L4: POLE, STEEL, 50FT, CLASS 1, DISTRIBUTION | M4: Bulk | P4: 1001592 | Q4: ANCHOR ASSY,24" X 5/16" DISK,1" X 10' ROD | S4: 8006413 | T4: POLE, STEEL, 50FT, CLASS 1, DISTRIBUTION | U4: STR
A5: 1010 | B5: Activity | C5: Electrical | D5: LB | F5: 7427592 | G5: 127745 | K5: 1008009 | L5: POLE, STEEL, 55FT, CLASS 1, DISTRIBUTION | M5: Bulk | P5: 1001594 | Q5: ANCHOR ASSEMBLY,30" DISK ANCHOR | S5: 1008009 | T5: POLE, STEEL, 55FT, CLASS 1, DISTRIBUTION | U5: STR
A6: 1044 | B6: Activity | C6: Electrical | D6: PAA | F6: 7427312 | G6: 127744 | K6: 1008012 | L6: POLE, STEEL, 60FT, CLASS 1, DISTRIBUTION | M6: Bulk | P6: 1001998 | Q6: LINK,CLEVIS,EYE,15"C-C,NAR THRT,13/16"EY | S6: 1008012 | T6: POLE, STEEL, 60FT, CLASS 1, DISTRIBUTION | U6: STR
A7: 1045 | B7: Activity | C7: Electrical | D7: PT | F7: 7358178 | G7: 127743 | K7: 4504908 | L7: CONDUCTOR, AAC, 4/0, 7STR, OXLIP | M7: Bulk | P7: 1002438 | Q7: BRACKET,MTG,UG,TERM,0.75" - 3" | S7: 4504908 | T7: CONDUCTOR, AAC, 4/0, 7STR, OXLIP | U7: PDC
A8: 1046 | B8: Activity | C8: Electrical | D8: Reel | F8: 7310724 | G8: 127742 | K8: 4505077 | L8: CONDUCTOR, AAC, 477KCMIL, 19STR, COSMOS | M8: Bulk | P8: 1002715 | Q8: SUSPENSION ASSY,WIRE,1/2"EHS,FORMED GRIP | S8: 4505077 | T8: CONDUCTOR, AAC, 477KCMIL, 19STR, COSMOS | U8: PDC
A9: 1047 | B9: Activity | C9: Electrical | D9: YD | F9: 7295737 | G9: 127741 | K9: 4508701 | L9: CONDUCTOR, ACSR, 1/0, 6/1STR, RAVEN | M9: Bulk | P9: 1002760 | Q9: CONN,MINIWG,1/0AAAC/ACSR/AAC/CU STR-#4 | S9: 4508701 | T9: CONDUCTOR, ACSR, 1/0, 6/1STR, RAVEN | U9: PDC
A10: 1008 | B10: Activity | C10: Electrical | D10: HR | F10: 7291793 | G10: 127265 | K10: 4509006 | L10: CONDUCTOR, ACSR, 4/0, 6/1STR, PENGUIN, 36" | M10: Bulk | P10: 1002762 | Q10: CONN,MINIWG,1/0AAAC/ACSR/AAC/CU STR-1/0 | S10: 4509006 | T10: CONDUCTOR, ACSR, 4/0, 6/1STR, PENGUIN, 36" | U10: PDC
A11: 1043 | B11: Activity | C11: Electrical | D11: LF | F11: 8231407 | G11: 126743 | K11: 8006173 | L11: CONDUCTOR, TREE WIRE, 1/0 ACSR, 15KV, GRY | M11: Bulk | P11: 1002768 | Q11: CONN,MINIWG,4/0AAAC/ACSR/AAC/CU STR-2/0 | S11: 8006173 | T11: CONDUCTOR, TREE WIRE, 1/0 ACSR, 15KV, GRY | U11: PDC
F12: 8231406 | G12: 126742 | K12: 8006174 | L12: CONDUCTOR, TREE WIRE, 4/0 ACSR, 15KV, GRY | M12: Bulk | P12: 1002799 | Q12: CLIP,BONDING,1/2" BOLT | S12: 8006174 | T12: CONDUCTOR, TREE WIRE, 4/0 ACSR, 15KV, GRY | U12: PDC
F13: 8222499 | G13: 126741 | K13: 8006175 | L13: CONDUCTOR, TREE WIRE, 477ACSR, 15KV, GRY | M13: Bulk | P13: 1002800 | Q13: CLIP,BONDING,5/8" BOLT | S13: 8006175 | T13: CONDUCTOR, TREE WIRE, 477ACSR, 15KV, GRY | U13: PDC
F14: 8206187 | G14: 126740 | K14: 8006177 | L14: CONDUCTOR, TREE WIRE, 795 ACSR, 15KV, GRY | M14: Bulk | P14: 1002801 | Q14: CLIP,BONDING,3/4" BOLT | S14: 8006177 | T14: CONDUCTOR, TREE WIRE, 795 ACSR, 15KV, GRY | U14: PDC
F15: 8077847 | G15: 126739 | K15: 8006178 | L15: CONDUCTOR,TREE WIRE,1/0 ACSR,25KV,GRAY^ | M15: Bulk | P15: 1002802 | Q15: CLIP,BONDING,7/8" BOLT | S15: 8006178 | T15: CONDUCTOR,TREE WIRE,1/0 ACSR,25KV,GRAY^ | U15: PDC
F16: 8077848 | G16: 126738 | K16: 8006179 | L16: CONDUCTOR,TREE WIRE,4/0 ACSR,25KV,GRAY^ | M16: Bulk | P16: 1002803 | Q16: CLIP,BONDING,1" BOLT | S16: 8006179 | T16: CONDUCTOR,TREE WIRE,4/0 ACSR,25KV,GRAY^ | U16: PDC
F17: 7489643 | G17: 126737 | K17: 8006180 | L17: CONDUCTOR,TREE WIRE,477 ACSR,25KV,GRAY^ | M17: Bulk | P17: 1002806 | Q17: CLAMP,SUSP,AL,0.40"-0.86",W/H.L.SKTEYE15 | S17: 8006180 | T17: CONDUCTOR,TREE WIRE,477 ACSR,25KV,GRAY^ | U17: PDC
F18: 7460179 | G18: 126736 | K18: 7999063 | L18: POLE,STEEL,60 FT,WEATHERING,UNGUYED ANGL | M18: LLM | P18: 1002807 | Q18: CLAMP,SUSP,AL,0.50"-1.00",W/H.L.SKTEYE15 | S18: 7999063 | T18: POLE,STEEL,60 FT,WEATHERING,UNGUYED ANGL | U18: STR
F19: 7444059 | G19: 126735 | K19: 7991952 | L19: POLE,STEEL,55,DE,SELF-SUPRT,DB,1820FT-K^ | M19: LLM | P19: 1002809 | Q19: CLAMP,SUSP,AL,0.90"-1.39",W/H.L.SKTEYE15 | S19: 7991952 | T19: POLE,STEEL,55,DE,SELF-SUPRT,DB,1820FT-K^ | U19: STR
F20: 7437332 | G20: 126734 | K20: 8005893 | L20: CONDUCTOR, COVERED, SPACER, 1/0, 15KV, GRY | M20: LLM | P20: 1002821 | Q20: LINK,CLEVIS,EYE,15"C-C,WIDE THRT,13/16"E | S20: 8005893 | T20: CONDUCTOR, COVERED, SPACER, 1/0, 15KV, GRY | U20: PDC
F21: 7432041 | G21: 126733 | K21: 8005894 | L21: CONDUCTOR, COVERED, SPACER, 4/0, 15KV, GRY | M21: LLM | P21: 1002824 | Q21: INSUL,STRAIN,FBRGL,252",CLEVIS,W/ROLL,2 | S21: 8005894 | T21: CONDUCTOR, COVERED, SPACER, 4/0, 15KV, GRY | U21: PDC
F22: 7427594 | G22: 126732 | K22: 8005895 | L22: CONDUCTOR,COVERED,SPACER, 477, 15 KV,GRY | M22: LLM | P22: 1002825 | Q22: INSUL,STRAIN,FBRGL,119.5",DOUBLE ROLLER | S22: 8005895 | T22: CONDUCTOR,COVERED,SPACER, 477, 15 KV,GRY | U22: PDC
F23: 7427589 | G23: 126731 | K23: 8005896 | L23: CONDUCTOR,COVERED,SPACER, 795, 15 KV,GRY | M23: LLM | P23: 1002836 | Q23: CLAMP,DE,STRAIN,QUAD,0.30"-0.84",GALV | S23: 8005896 | T23: CONDUCTOR,COVERED,SPACER, 795, 15 KV,GRY | U23: PDC
... F176: 7397577 | G176: 114404 | K176: 7991669 | L176: POLE, STEEL, 90FT, CLASS EH8 | M176: LLM | P176: 1580277 | Q176: SHACKLE,HOLD DN,5-1/16"L,2-7/8"OPN,5/8"^ | S176: 7999194 | T176: CONDUCTOR,ACSR,NS,1/0,6/1STR,RAVEN,36" | U176: STR
F177: 7397578 | G177: 114403 | K177: 7991670 | L177: POLE, STEEL, 90FT, CLASS EH9 | M177: LLM | P177: 1580413 | Q177: GUY,DE,AUTO,STRANDVISE,1/2"EHS/7#6AW,SB
F178: 8240446 | G178: 114402 | K178: 7991671 | L178: POLE, STEEL, 95FT, CLASS EH4 | M178: LLM | P178: 1600204 | Q178: XARM,STL,11'-8",115/138KV,GALV ASSY
F179: 7364338 | G179: 114401 | K179: 7991672 | L179: POLE, STEEL, 95FT, CLASS H5 | M179: LLM | P179: 1614255 | Q179: POLE,WOOD,25 FT,CLASS 5,DISTRIBUTION
F180: 7310721 | G180: 114400 | K180: 7991673 | L180: POLE, STEEL, 95FT, CLASS H6 | M180: LLM | P180: 1614354 | Q180: POLE,WOOD,35FT,CLASS 4,DISTRIBUTION
F181: 7295751 | G181: 114399 | K181: 7991674 | L181: POLE, STEEL, 95FT, CLASS EH7 | M181: LLM | P181: 1614402 | Q181: POLE,STEEL,40FT,CLASS 2,DISTRIBUTION
F182: 7310719 | G182: 114398 | K182: 7991675 | L182: POLE, STEEL, 95FT, CLASS EH8 | M182: LLM | P182: 1614403 | Q182: POLE,WOOD,40 FT,CLASS 3,DISTRIBUTION
F183: 7153769 | G183: 114397 | K183: 7991676 | L183: POLE, STEEL, 95FT, CLASS EH9 | M183: LLM | P183: 1614453 | Q183: POLE,WOOD,45FT,CLASS 3,DISTRIBUTION
F184: 7368954 | G184: 114396 | K184: 7991677 | L184: POLE, STEEL, 100FT, CLASS H4 | M184: LLM | P184: 1614454 | Q184: POLE,WOOD,45 FT,CLASS 4,DISTRIBUTION
F185: 7368951 | G185: 114395 | K185: 7991678 | L185: POLE, STEEL, 100FT, CLASS H5 | M185: LLM | P185: 1616501 | Q185: POLE,WOOD,50 FT,CLASS 1,TRANSMISSION
F186: 7153798 | G186: 114394 | K186: 7991679 | L186: POLE, STEEL, 100FT, CLASS H6 | M186: LLM | P186: 1616502 | Q186: POLE,WOOD,50 FT,CLASS 2,TRANSMISSION
F187: 7128432 | G187: 114393 | K187: 7991680 | L187: POLE, STEEL, 100FT, CLASS EH7 | M187: LLM | P187: 1616503 | Q187: POLE,WOOD,50FT,CLASS 3,TRANSMISSION
F188: 7368955 | G188: 114392 | K188: 7991681 | L188: POLE, STEEL, 100FT, CLASS EH8 | M188: LLM | P188: 1616551 | Q188: POLE,WOOD,55 FT,CLASS 1,TRANSMISSION
... F224: 7017207 | G224: 114356 | K224: 7999194 | L224: CONDUCTOR,ACSR,NS,1/0,6/1STR,RAVEN,36" | M224: LLM | P224: 1950526 | Q224: BUS,INSUL,SEC,SUBMERSIBLE,6 POSN,1000A
F225: 6802284 | G225: 114355 | K225: VACSWITCH | L225: 115KV VACUUM 3BOTTLE SWITCH | M225: LLM | P225: 2029350 | Q225: SCREW,TAPPING,#8 X 1",STAINLESS STEEL
F226: 7011447 | G226: 114354 | K226: 4500203 | L226: XFMR,POLE,37.5,12.0,277,NT,ARR | M226: LLM | P226: 2200038 | Q226: FUSE,PWR,SMU-20,14.4KV,65E AMP,SLOW
F227: 8077677 | G227: 114353 | K227: 795591 | L227: FUSE,PWR,SMU-20,34.5KV,15A,TCC 119-2 | M227: LLM | P227: 2200053 | Q227: SWITCH,DISC,INLINE,25KV,600A,150KVBIL
F228: 7312843 | G228: 114352 | K228: 9181231 | L228: XFMR,STEPDOWN,1PH,250,7.2,2.4,CT | M228: LLM | P228: 2200434 | Q228: FUSE,PWR,SMU-20,25KV,15E A,TCC119-2,S
F229: 7313017 | G229: 114351 | P229: 2200442 | Q229: FUSE,PWR,SMU-20,25KV,20E A,TCC 119-2,S
F230: 7011444 | G230: 114350 | P230: 2200459 | Q230: FUSE,PWR,SMU-20,25KV,25E A,TCC 119-2,S
F231: 7325290 | G231: 114349 | P231: 2200467 | Q231: FUSE,PWR,SMU-20,25KV,30E A,TCC 119-2,S
F232: 7321668 | G232: 114348 | P232: 2200475 | Q232: FUSE,PWR,SMU-20,25KV,40E A,TCC 119-2,S
F233: 8077678 | G233: 114347 | P233: 2200483 | Q233: FUSE,PWR,SMU-20,25KV,50E A,TCC 119-2,S
F234: 7295762 | G234: 114346 | P234: 2211100 | Q234: FITTING,END,FUSE,7.2KV-34.5KV,FOR SMD-20
F235: 7292807 | G235: 114345 | P235: 2213114 | Q235: FUSE,PWR,SMU-20,14.4KV,5E AMP,TCC 153-2
F236: 7295768 | G236: 114344 | P236: 2213205 | Q236: FUSE,PWR,SMU-20,14.4KV,125E A,TCC 119-2S
F237: 7298497 | G237: 114343 | P237: 2213858 | Q237: FUSE,PWR,SMU-20,25KV,1 A,TCC 115-2
F238: 7298503 | G238: 114342 | P238: 2213965 | Q238: FUSE,PWR,SMU-20,25KV,65E A,TCC 119-2,S
F239: 7298502 | G239: 114341 | P239: 2213981 | Q239: FUSE,PWR,SMU-20,25KV,80E A,TCC 119-2,S
F240: 7298501 | G240: 114340 | P240: 2214005 | Q240: FUSE,PWR,SMU-20,25KV,100E A,TCC 119-2,S
... F287: 7383699 | G287: 114238 | P287: 4410102 | Q287: XFMR,POLE,25,7.2,120/240,NT,ARR
F288: 5G41_WO4 | G288: 114237 | P288: 4500110 | Q288: XFMR,POLE,25 2.4 DEPL,USE SI#4500110
F289: 7424322 | G289: 114236 | P289: 4500140 | Q289: XFMR,POLE,50,7.2,120/240,NT,ARR
F290: 7310723 | G290: 114235 | P290: 4500151 | Q290: XFMR,POLE,50,7.2,277,NT,ARR
F291: 7390965 | G291: 114234 | P291: 4500192 | Q291: XFMR,POLE,25,12.0,120/240,NT,ARR
F292: 7390968 | G292: 114233 | P292: 4500193 | Q292: XFMR,POLE,50,12.0,120/240,NT,ARR
F293: 7397580 | G293: 114232 | P293: 4500194 | Q293: XFMR,POLE,75,12.0,120/240,NT,ARR
F294: 7382001 | G294: 114231 | P294: 4500202 | Q294: XFMR,POLE,25,12.0,277,NT,ARR
F295: 7390950 | G295: 114230 | P295: 4500203 | Q295: XFMR,POLE,37.5,12.0,277,NT,ARR
F296: 7383692 | G296: 114229 | P296: 4500259 | Q296: XFMR,POLE,25,7.2,120/240,NT,SS,ARR
F297: 7381991 | G297: 114228 | P297: 4500260 | Q297: XFMR,POLE,50,7.2,120/240,NT,SS,ARR
F298: 7425466 | G298: 114227 | P298: 4500285 | Q298: XFMR,POLE,10,7.6,120/240,CT,ARR
F299: 7425031 | G299: 114226 | P299: 4500286 | Q299: XFMR,POLE,25,7.6,120/240,CT,ARR
F300: 7404990 | G300: 114225 | P300: 4500287 | Q300: XFMR,POLE,50,7.6,120/240,CT,ARR
... F333: 7273661 | G333: 129655 | P333: 4505077 | Q333: CONDUCTOR,AAC,477KCMIL,19STR,COSMOS
P334: 4506507 | Q334: CONDUCTOR,AAAC,#2,7 STRAND,BARE,AMES
P335: 4508404 | Q335: CONDUCTOR,ACSR,#4,7/1STR,SWANATE
P336: 4508503 | Q336: CONDUCTOR,ACSR,#2,6/1STR,SPARROW
P337: 4508602 | Q337: CONDUCTOR,ACSR,#2,7/1STR,SPARATE
P338: 4508701 | Q338: CONDUCTOR,ACSR,1/0,6/1STR,RAVEN
P339: 4509006 | Q339: CONDUCTOR,ACSR,4/0,6/1STR,PENGUIN,36"
P340: 4509808 | Q340: CONDUCTOR,ACSR,397.5KCM,26/7STR,IBIS,60"
P341: 4518007 | Q341: CONDUCTOR,WIRE,#6,SOFT DRAWN SOLID,BARE,
P342: 4518106 | Q342: CONDUCTOR,CU,#4,SOL,BARE,HARD DRAWN
P343: 4518205 | Q343: CONDUCTOR,CU,#4,SOL,BARE,SOFT DRAWN
P344: 4518502 | Q344: CONDUCTOR,CU,#2,SOL,BARE,SOFT DRAWN
P345: 4518700 | Q345: CONDUCTOR,CU,#2,7STR,BARE,HARD DRAWN
... P1223: 9600319 | Q1223: FUSE,PWR,SMU-20,34.5KV,30E A,TCC 119-2
P1224: BORE | Q1224: BORE MACHINE (SWAMPY SOIL)
P1225: FG ELBOW-3 | Q1225: 3" FG ELBOW
P1226: HDD-4 | Q1226: HDD 2-4" IN SINGLE BORE
P1227: HDD-6 | Q1227: HDD 2-6" IN SINGLE BORE
P1228: HDPE-4 | Q1228: 4" HDPE CONDUIT
P1229: HDPE-6 | Q1229: CONDUIT - 6" HDPE
P1230: HHD-6 | Q1230: HDD 2-6" IN 14" BORE
P1231: HYDROVAC | Q1231: VAC TRUCK
P1232: PVC-3 | Q1232: CONDUIT - 3" PVC
P1233: TRENCH | Q1233: TRENCHING
P1234: VACSWITCH | Q1234: 115KV VACUUM 3 BOTTLE SWITCH
P1235: 6268445 | Q1235: WASHER,SQ,CURVED,3"X3",13/16" HOLE REINF
P1236: 7992495 | Q1236: LABEL,ADHESIVE,#0,YELLOW ON BLACK,1"
P1237: 7992496 | Q1237: LABEL,ADHESIVE,#1,YELLOW ON BLACK,1"
P1238: 7992497 | Q1238: LABEL,ADHESIVE,#2,YELLOW ON BLACK,1"
P1239: 7992498 | Q1239: LABEL,ADHESIVE,#3,YELLOW ON BLACK,1"
P1240: 7992499 | Q1240: LABEL,ADHESIVE,#4,YELLOW ON BLACK,1"
P1241: 7992500 | Q1241: LABEL,ADHESIVE,#5,YELLOW ON BLACK,1"
P1242: 7992501 | Q1242: LABEL,ADHESIVE,#6/#9,YELLOW ON BLACK,1"
...
